,User,Tweet,Date,Compound,Positive,Neutral,Negative,Tweets Ago
0,@BBC,"Filmed in Nottingham during the worst winter for the NHS on record, groundbreaking series #Hospital returns tonight… https://t.co/PVSIcvCGc9",Mon Mar 26 19:03:02 +0000 2018,-0.6249,0.0,0.806,0.194,0
1,@BBC,"Tonight, George Alagiah explores the fascinating history of Queen Elizabeth II and her beloved Commonwealth. 

The… https://t.co/xXer4FRyTq",Mon Mar 26 18:24:04 +0000 2018,0.7783,0.312,0.688,0.0,1
2,@BBC,?? It was a Dachsh(und) to the finish line. https://t.co/7VvkU5GfUg,Mon Mar 26 17:30:04 +0000 2018,0.0,0.0,1.0,0.0,2
3,@BBC,"?? Joy and Mary flew WW2 planes before any navigation system was installed.
#RAFat100 https://t.co/yxNMblfTEf",Mon Mar 26 16:25:02 +0000 2018,0.5859,0.213,0.787,0.0,3
4,@BBC,"Tom Cruise stars in a remake of the 1953 adaptation of HG Wells’s classic novel. ?

War of the Worlds | @BBCiPlayer… https://t.co/h19JvTlFSA",Mon Mar 26 15:45:04 +0000 2018,-0.3818,0.095,0.744,0.161,4
5,@BBC,"In her role as head of the Commonwealth, the Queen embarked on her first tour of the nations in 1953.

But by 1970… https://t.co/Av61bahNZF",Mon Mar 26 15:11:57 +0000 2018,0.0,0.0,1.0,0.0,5
6,@BBC,"Never let a squirrel nibble your nobble... ???
https://t.co/cHm9m6At3m",Mon Mar 26 12:58:02 +0000 2018,0.0,0.0,1.0,0.0,6
7,@BBC,Apple wants to introduce new emojis to better represent people with disabilities. ??? https://t.co/CcJfojmtTa https://t.co/ZRdEhVPMEm,Mon Mar 26 11:48:03 +0000 2018,0.4404,0.172,0.828,0.0,7
8,@BBC,"A crack that opened up in Kenya’s Rift Valley, damaging a section of the Narok-Nairobi highway, is still growing... https://t.co/T5YocDauYj",Mon Mar 26 11:00:05 +0000 2018,-0.5106,0.0,0.837,0.163,8
9,@BBC,"From hot cross bun gin to Creme Egg Yorkshire pudding, this year’s Easter treats are bigger, weirder and more decad… https://t.co/HvDJmgcB5q",Mon Mar 26 10:00:07 +0000 2018,-0.128,0.0,0.93,0.07,9
10,@BBC,RT @bbcpress: Sue Perkins will return to host the 2018 #BAFTA TV awards on Sunday 13 May on @BBCOne. https://t.co/pieSWNAGbH,Mon Mar 26 09:35:06 +0000 2018,0.4588,0.136,0.864,0.0,10
11,@BBC,"? @BillBailey is NOT a fan of taramasalata. #Room101 

https://t.co/soAAz27c0C",Mon Mar 26 09:33:01 +0000 2018,0.3182,0.247,0.753,0.0,11
12,@BBC,"The kiwi bird's egg is so large, it takes almost ten days to lay! ???  #DavidAttenboroughsNaturalCuriosities
https://t.co/AkZqK9vzZZ",Mon Mar 26 09:04:01 +0000 2018,0.0,0.0,1.0,0.0,12
13,@BBC,"?Why do so many celebrities decide to enter politics?

Some have done so more successfully than others...… https://t.co/MkEDpSeLMJ",Mon Mar 26 08:29:04 +0000 2018,0.5819,0.182,0.818,0.0,13
14,@BBC,"Wishing you could get out of bed just that little bit earlier? ?

If you need some motivation to set that alarm, he… https://t.co/zsisa2oA4s",Mon Mar 26 07:30:10 +0000 2018,0.2263,0.161,0.749,0.09,14
15,@BBC,"Could this be an answer to global water shortages? ?? This machine creates water out of thin air. 

https://t.co/caz4nXMJg5",Sun Mar 25 19:44:01 +0000 2018,0.128,0.101,0.821,0.077,15
16,@BBC,"Tonight, @regyates meets people whose lives have been devastated by the Grenfell fire. 

Reggie Yates: Searching fo… https://t.co/HPgtcZuHte",Sun Mar 25 19:15:06 +0000 2018,-0.7506,0.0,0.714,0.286,16
17,@BBC,"Tonight, @mcgregor_ewan and @McgColin celebrate the centenary of the Royal Air Force. 

RAF at 100 with Ewan and Co… https://t.co/nF2iwBP51b",Sun Mar 25 18:40:04 +0000 2018,0.5719,0.163,0.837,0.0,17
18,@BBC,The first ever statue of David Bowie has been unveiled in the town where he debuted Ziggy Stardust. ??… https://t.co/lFgROYVkv1,Sun Mar 25 18:13:03 +0000 2018,0.0,0.0,1.0,0.0,18
19,@BBC,"When you're enjoying being single and people just can't deal with it. ?? @kathbum #LiveAtTheApollo 

https://t.co/byHMHWyhPq",Sun Mar 25 17:30:07 +0000 2018,0.5267,0.185,0.815,0.0,19
20,@BBC,"????? Welcome to Tangier Island, the tiny US island where people speak with a British accent.… https://t.co/1RoM285gRJ",Sun Mar 25 15:03:03 +0000 2018,0.4588,0.167,0.833,0.0,20
21,@BBC,"? We could listen to him speak all day. 

? Sir David Attenborough's voice was just as iconic in the 60s as it is t… https://t.co/zYi3oK5C13",Sun Mar 25 14:30:02 +0000 2018,0.0,0.0,1.0,0.0,21
22,@BBC,"Predictions suggest a build-up of about 80,000 tonnes of plastic in the Pacific Ocean is growing rapidly. ????… https://t.co/uKD9BQWmUi",Sun Mar 25 14:09:03 +0000 2018,0.1779,0.091,0.909,0.0,22
23,@BBC,"??? @prattprattpratt stars as a happy-go-lucky hero who joins forces with an unlikely group of aliens. 

Guardians… https://t.co/B9W7kRZ1Qz",Sun Mar 25 13:03:04 +0000 2018,0.5574,0.184,0.816,0.0,23
24,@BBC,"Weighing just 100g, a newborn panda is one 900th the size of its mum! ?? #DavidAttenboroughsNaturalCuriosities https://t.co/nKLQh03DJs",Sun Mar 25 12:03:02 +0000 2018,0.0,0.0,1.0,0.0,24
25,@BBC,?Meet SoFi - the soft robot fish developed by MIT to swim among real fish in coral reefs and around the ocean to he… https://t.co/HDa7q7WsHf,Sun Mar 25 10:30:04 +0000 2018,0.0,0.0,1.0,0.0,25
26,@BBC,"Ever wondered what made you feel moody? It might be your gut.

? https://t.co/l8oMv5gPN2 https://t.co/vq2yhtBOAn",Sun Mar 25 09:30:15 +0000 2018,-0.3612,0.0,0.839,0.161,26
27,@BBC,"RT @BBCScotland: Up your brunch game with perfect poached eggs.

via @bbcthesocial https://t.co/1imXNeOZ9d",Sun Mar 25 08:43:31 +0000 2018,0.5719,0.236,0.764,0.0,27
28,@BBC,"RT @bbcweather: #Winter may not be done with us yet, as colder continental air fights back against milder maritime air across the UK this w…",Sun Mar 25 08:43:26 +0000 2018,-0.4019,0.0,0.899,0.101,28
29,@BBC,RT @BBCSport: A simply astonishing confession from Australia captain Steve Smith and batsman Cameron Bancroft ? https://t.co/YaE7fBZamq,Sun Mar 25 08:43:22 +0000 2018,0.0,0.0,1.0,0.0,29
30,@BBC,A woman who drinks 30 cans a day says her addiction to energy drinks is worse than gambling.… https://t.co/d11ATW0F0f,Sun Mar 25 08:00:12 +0000 2018,-0.25,0.104,0.743,0.153,30
31,@BBC,You learn something new every day. Here's how to poo a baby jaguar. ??#BigCatsAboutTheHouse https://t.co/Eg5rF1414b,Sun Mar 25 07:34:02 +0000 2018,0.0,0.0,1.0,0.0,31
32,@BBC,When the clocks have gone forward but there's no way you're getting out of bed yet. ?????#DaylightSavings https://t.co/cHBPV3ITsQ,Sun Mar 25 07:02:00 +0000 2018,-0.4215,0.0,0.859,0.141,32
33,@BBC,"""I still see people screaming for help.""

This Sunday at 9pm on @BBCTwo, @REGYATES meets the people whose lives wer… https://t.co/RS16yXF17H",Sat Mar 24 20:34:01 +0000 2018,-0.3818,0.0,0.885,0.115,33
34,@BBC,"The story of the last decade of Picasso's life, through the words of family and friends. ?

Picasso's Last Stand |… https://t.co/RyiuI8KgSk",Sat Mar 24 20:00:11 +0000 2018,0.4767,0.134,0.866,0.0,34
35,@BBC,"""Beauty is your inside, it's your personality and what shines from beneath."" 

25-year-old rapper Paigey Cakey had… https://t.co/CVGr69Y0oO",Sat Mar 24 19:16:04 +0000 2018,0.5859,0.183,0.817,0.0,35
36,@BBC,Cambridge have won the men's and women's Boat Races. https://t.co/COTzXYuo4N ? ? #BoatRace2018 https://t.co/6SQjF1ToSt,Sat Mar 24 18:44:04 +0000 2018,0.5719,0.252,0.748,0.0,36
37,@BBC,"?? @RomeshRanga is NOT a fan of Gogglebox. #LiveAtTheApollo
https://t.co/FHm9g6Emss",Sat Mar 24 18:02:01 +0000 2018,0.3182,0.223,0.777,0.0,37
38,@BBC,"When proposals go wrong... ?? #Doodlebugs 
https://t.co/8Yi6giWO3S",Sat Mar 24 17:01:01 +0000 2018,0.0,0.0,1.0,0.0,38
39,@BBC,"Writer Sara Maitland has lived alone in rural Scotland for 20 years. 

Here are seven valuable life lessons we can… https://t.co/2eAqUlnwuA",Sat Mar 24 15:30:10 +0000 2018,0.2732,0.129,0.788,0.083,39
40,@BBC,?How an Instagram video lost me my dream job in fashion: https://t.co/72yWgHdc1k https://t.co/fl3DxMcIL5,Sat Mar 24 15:00:06 +0000 2018,-0.0772,0.131,0.719,0.15,40
41,@BBC,? @clarebalding is live from the River Thames as @UniofOxford and @Cambridge_Uni  meet for one of the most iconic e… https://t.co/Ls9rtIYov4,Sat Mar 24 14:01:47 +0000 2018,0.0,0.0,1.0,0.0,41
42,@BBC,RT @bbcthree: The barber helping men with dementia relive their younger lives. https://t.co/p8axQVK836,Sat Mar 24 14:01:32 +0000 2018,0.296,0.155,0.845,0.0,42
43,@BBC,"Which animals are likely to become extinct in your lifetime? ??
https://t.co/9KwlmcNrWV",Sat Mar 24 13:03:01 +0000 2018,0.0,0.0,1.0,0.0,43
44,@BBC,"Don't miss the highlights from the Gymnastics World Cup! ???????

World Cup Gymnastics | @BBCOne | 2:05pm |… https://t.co/7mpufyeEMo",Sat Mar 24 12:33:04 +0000 2018,0.1867,0.098,0.902,0.0,44
45,@BBC,"How much do you know about horses? Take this quiz to see if you are an equestrian expert…?

https://t.co/ChGCB9Xi1W https://t.co/P9UgJ99nsx",Sat Mar 24 11:29:04 +0000 2018,0.0,0.0,1.0,0.0,45
46,@BBC,"Meet Hester, the 10-year-old visually impaired skier who's hoping for Paralympic gold one day. ??https://t.co/6aiUaTc3yS",Sat Mar 24 10:31:01 +0000 2018,0.4215,0.167,0.833,0.0,46
47,@BBC,"""The enthusiastic viewer should feel he is almost the man on the spot!"" 

In 1949, the BBC announced it would telev… https://t.co/WEoPpkrW1V",Sat Mar 24 10:03:01 +0000 2018,0.5411,0.143,0.857,0.0,47
48,@BBC,RT @BBCNewsNI: Prince Harry and Meghan Markle are visiting Northern Ireland https://t.co/ODxLd1LIr8 https://t.co/s0zPTXj3Tk,Sat Mar 24 09:42:34 +0000 2018,0.0,0.0,1.0,0.0,48
49,@BBC,"RT @bbcf1: Lewis Hamilton took the first pole of the season in spectacular style ??

https://t.co/a7YDOx0FlQ",Sat Mar 24 09:32:59 +0000 2018,0.0,0.0,1.0,0.0,49
50,@BBC,"RT @sportrelief: A humongous THANK YOU to everyone who has taken part, fund-raised &amp; watched over the past weeks &amp; tonight. The #SportRelie…",Sat Mar 24 09:31:30 +0000 2018,0.4995,0.133,0.867,0.0,50
51,@BBC,RT @sportrelief: The nation has joined together for this year's #SportRelief pulling out all the stops to make their steps count. Well done…,Sat Mar 24 09:31:26 +0000 2018,0.128,0.085,0.85,0.065,51
52,@BBC,?A Cultural history of the avocado: https://t.co/jo1UyWlVw7 https://t.co/7VF6pBpG57,Sat Mar 24 09:30:13 +0000 2018,0.0,0.0,1.0,0.0,52
53,@BBC,"Meet Alexandre, one of the only male performers of ‘baladi’ – also known as belly dancing – in the Middle East. ?

 https://t.co/K12N1Y6PU7",Sat Mar 24 08:33:02 +0000 2018,0.0,0.0,1.0,0.0,53
54,@BBC,"RT @BBCOne: .@GaryLineker, @OreOduba, @ThisisDavina &amp; more kick off the biggest ever night of #SportRelief now on @bbcone. @sportrelief 
Fo…",Fri Mar 23 19:07:00 +0000 2018,0.0,0.0,1.0,0.0,54
55,@BBC,From @taylorswift13 to @Beyonce: these are the secretive musicians who avoid interviews. ?? https://t.co/nqOmaVMzoo https://t.co/sbDga7L5cp,Fri Mar 23 18:03:04 +0000 2018,-0.296,0.0,0.864,0.136,55
56,@BBC,"Tonight, @GaryLineker, @ThisisDavina and @OreOduba kick off the biggest ever night of @sportrelief! ??????… https://t.co/tgbpC76heP",Fri Mar 23 17:33:03 +0000 2018,0.0,0.0,1.0,0.0,56
57,@BBC,"Your week, as told by @louistheroux. ??
https://t.co/Ae6bDBpIBW",Fri Mar 23 17:02:01 +0000 2018,0.0,0.0,1.0,0.0,57
58,@BBC,"RT @BBCWales: A #DanceForParkinsons session with @ndcwales for @GetCreativeUK in #Cardiff this week 

Find out what’s happening on the fina…",Fri Mar 23 16:27:45 +0000 2018,0.0,0.0,1.0,0.0,58
59,@BBC,"Meet Australian maths teacher Eddie Woo, who has won fans worldwide with his high-energy lessons, posted on YouTube… https://t.co/vTfNDZzA3b",Fri Mar 23 16:00:12 +0000 2018,0.7783,0.286,0.714,0.0,59
60,@BBC,"RT @BBCOne: No @andy_murray, this is not a dream. @GeriHalliwell really IS in your bedroom making you sing Spice Girls songs ?

@sportrelie…",Fri Mar 23 14:33:40 +0000 2018,-0.4479,0.0,0.828,0.172,60
61,@BBC,These beautiful photographs reveal how refugees in Tyneside have turned to the healing powers of gardening. ??… https://t.co/2gq0t9FnIR,Fri Mar 23 14:03:08 +0000 2018,0.5994,0.187,0.813,0.0,61
62,@BBC,"How would you react if you woke up and found Michael McIntyre and Peppa Pig in your bedroom? 

Poor @AndyMurray…

S… https://t.co/7ZP0hUYeKr",Fri Mar 23 14:00:02 +0000 2018,-0.4767,0.0,0.871,0.129,62
63,@BBC,Spring is here! ??? Make the most of seasonal ingredients with these delicious soup recipes. https://t.co/fXp7eJXoJc https://t.co/hA1b2bdSrd,Fri Mar 23 13:33:04 +0000 2018,0.6114,0.2,0.8,0.0,63
64,@BBC,"Want to get creative this weekend? Here's how to make a hooky rug. 
#MakeCraftBritain 
https://t.co/uqibyP09s7",Fri Mar 23 13:03:02 +0000 2018,0.4939,0.259,0.741,0.0,64
65,@BBC,RT @BBCSport: He was one of English football's first black players and the British Army's first ever black officer to command white troops.…,Fri Mar 23 11:42:55 +0000 2018,0.0,0.0,1.0,0.0,65
66,@BBC,RT @BBCRadio2: ? “I thought the script was really frightening and original.” Martin Freeman chats to @achrisevans about his creepy new film…,Fri Mar 23 11:42:51 +0000 2018,-0.2006,0.107,0.754,0.139,66
67,@BBC,RT @BBCTwo: Our entire weekend plans. ?? #BigCatsAboutTheHouse https://t.co/vl0zUcCdmI,Fri Mar 23 11:42:48 +0000 2018,0.0,0.0,1.0,0.0,67
68,@BBC,"RT @sportrelief: It looks like #TeamGryffindor are storming ahead in the #HogwartsLeague in the #SportRelief app. 

#TeamHufflepuff, #TeamS…",Fri Mar 23 11:42:43 +0000 2018,0.3612,0.128,0.872,0.0,68
69,@BBC,???Some blueberry muffins sold by cafes and supermarkets contain more than the recommended daily intake of sugar fo… https://t.co/9bh6K8aMH2,Fri Mar 23 11:30:05 +0000 2018,0.2648,0.103,0.897,0.0,69
70,@BBC,"Friday night is CELEBRITY FIGHT NIGHT! ??

Who'll be victorious? Tune in to #SportRelief to find out!

https://t.co/9ZhgNGmxOD",Fri Mar 23 10:33:01 +0000 2018,-0.6016,0.0,0.813,0.187,70
71,@BBC,"Scrolling through headlines, the world can feel like a pretty dark place. So here are nine reasons to be happy. ? ?… https://t.co/KrNoB0qaqC",Fri Mar 23 10:03:03 +0000 2018,0.8555,0.343,0.657,0.0,71
72,@BBC,"Would you want secret helpers like these to help you out in nerve-wracking situations? #TheSecretHelpers 
https://t.co/ua2X4vxKR3",Fri Mar 23 09:30:03 +0000 2018,0.765,0.417,0.583,0.0,72
73,@BBC,"Meet the first polar bear cub to be born in the UK in 25 years. ?
https://t.co/njq1r6eONE",Fri Mar 23 08:33:01 +0000 2018,0.0,0.0,1.0,0.0,73
74,@BBC,"RT @BBCOne: All hail queen Kat! ?? 

#EastEnders @BBCEastenders https://t.co/PLmAc53L6t",Thu Mar 22 21:39:27 +0000 2018,0.1511,0.15,0.85,0.0,74
75,@BBC,"Istanbul's Blue Mosque looks spectacular. @wmarybeard looks at the art, meaning and significance of calligraphy the… https://t.co/Mv3voUkcvc",Thu Mar 22 21:30:01 +0000 2018,0.2732,0.116,0.884,0.0,75
76,@BBC,? The artist reimagining Islamic calligraphy for the 21st Century: https://t.co/wgbVwZLDEa #Civilisations https://t.co/nxW6Sokjdn,Thu Mar 22 21:20:05 +0000 2018,0.0,0.0,1.0,0.0,76
77,@BBC,"In 1918, the very first signs of the Spanish Flu pandemic were kept under wraps. So how did the deadly illness get… https://t.co/zuZryXLihL",Thu Mar 22 20:30:01 +0000 2018,-0.6486,0.0,0.798,0.202,77
78,@BBC,Go behind-the-scenes at @TheBigCatSanct where expert Giles Clark is hand-rearing a jaguar cub. ?… https://t.co/0hDQP6X1wA,Thu Mar 22 19:04:04 +0000 2018,0.0,0.0,1.0,0.0,78
79,@BBC,"Tai chi has been recommended to help people with the chronic pain condition fibromyalgia. 

https://t.co/uYDlKfWbt7 https://t.co/Y7P9ceP82j",Thu Mar 22 18:30:09 +0000 2018,0.0516,0.216,0.625,0.159,79
80,@BBC,"The cost of living alone, rather than living as a couple, is more than £1000 a year. ??

This is the price of being… https://t.co/udzI9xGci6",Thu Mar 22 17:33:04 +0000 2018,-0.25,0.0,0.917,0.083,80
81,@BBC,.@ManUtd have applied to have a professional women's team. ?? https://t.co/rxzdRsDhUd https://t.co/meO65NRCtm,Thu Mar 22 17:03:54 +0000 2018,0.0,0.0,1.0,0.0,81
82,@BBC,"Worried about your impact on the planet? ??

This is how to make your next holiday more eco-friendly. ???

?… https://t.co/wCmDZJledV",Thu Mar 22 17:03:05 +0000 2018,0.128,0.113,0.795,0.092,82
83,@BBC,"Think twice before you throw your kitchen waste in the bin! Here's how to grow plants from kitchen scraps. ???

?… https://t.co/MMgrC8yseG",Thu Mar 22 16:04:06 +0000 2018,-0.4753,0.0,0.872,0.128,83
84,@BBC,"RT @mixital: ??New #DoctorWho writing challenge!??
Write a story featuring Rory Williams! Share it with us here: https://t.co/zW42ZnvJnc

#…",Thu Mar 22 15:00:43 +0000 2018,0.4184,0.141,0.859,0.0,84
85,@BBC,"Could you name the disaster that killed the most people in the last 100 years?

Contagion! The BBC Four Pandemic |… https://t.co/10zHfD8PHT",Thu Mar 22 15:00:01 +0000 2018,-0.9168,0.0,0.615,0.385,85
86,@BBC,"?Some musicians love doing them, others don’t.

Seven secretive musicians who like to avoid interviews:… https://t.co/7Rm55Ddynj",Thu Mar 22 14:30:10 +0000 2018,0.6705,0.306,0.594,0.1,86
87,@BBC,"RT @BBCEarth: Today is #WorldWaterDay. This teen has an ingenious way to test the safety of water around the world 
@BBC_Future https://t.c…",Thu Mar 22 13:53:48 +0000 2018,0.4215,0.118,0.882,0.0,87
88,@BBC,"Has @chrishughes_22 read any of his own book? ??

Here's what he confessed when he took on @BBCR1's fake lie detect… https://t.co/tVaKesbKQ1",Thu Mar 22 13:33:04 +0000 2018,-0.4767,0.0,0.871,0.129,88
89,@BBC,Secret Universe: The Hidden Life of the Cell is on @BBCFOUR tonight at 8pm. ? https://t.co/PVf4thZOb3,Thu Mar 22 13:14:13 +0000 2018,0.0,0.0,1.0,0.0,89
90,@BBC,A battle is raging in your body right now. This is how the TRIM 21 protein defends your cells from viruses. https://t.co/XUAPbRS4j5,Thu Mar 22 13:02:00 +0000 2018,-0.7184,0.0,0.76,0.24,90
91,@BBC,"??Footloose, Fleetwood Mac's Rumours and Le Freak are among the classic records about to enter the US National Reco… https://t.co/gDLNOmNLhY",Thu Mar 22 12:30:10 +0000 2018,-0.4404,0.0,0.868,0.132,91
92,@BBC,"Meet the five artists who have been shortlisted for the £30,000 Hepworth sculpture award. https://t.co/1UGe2zQlDT https://t.co/MwWxUZWAhs",Thu Mar 22 11:30:17 +0000 2018,0.5423,0.189,0.811,0.0,92
93,@BBC,"RT @bbcwritersroom: Check out an interview with the #writer of #TheAssassinationofGianniVersace @tomrobsmith on our blog
https://t.co/m5rty…",Thu Mar 22 10:58:34 +0000 2018,0.0,0.0,1.0,0.0,93
94,@BBC,RT @bbcthree: 'I was the only female in a violent all-male gang' https://t.co/NjF720J71M https://t.co/k7T0PqyuiG,Thu Mar 22 10:49:54 +0000 2018,-0.5994,0.0,0.755,0.245,94
95,@BBC,?Can social media stop you getting a job? https://t.co/M9uTa8vMHA https://t.co/LwXJCGgW0b,Thu Mar 22 10:30:09 +0000 2018,-0.296,0.0,0.784,0.216,95
96,@BBC,RT @bbcpress: 50 classic cookery shows served up on @BBCiPlayer this Easter: https://t.co/RbyjFq6Dsj https://t.co/Hvt1m1dhpU,Thu Mar 22 09:54:21 +0000 2018,0.0,0.0,1.0,0.0,96
97,@BBC,"Come on, who doesn't say ""xylophone"" on a daily basis? ??@daraobriain #LiveAtTheApollo

https://t.co/5k1yKuwpzA",Thu Mar 22 09:33:03 +0000 2018,0.0,0.0,1.0,0.0,97
98,@BBC,"Tantrums are inevitable... ??This is how you raise a baby jaguar. #BigCatsAboutTheHouse

https://t.co/4mBf6xmvOr",Thu Mar 22 08:33:02 +0000 2018,-0.3612,0.0,0.815,0.185,98
99,@BBC,"RT @BBCSport: John Bishop’s on a one man mission to World Cup victory for @SportRelief!

Keep an eye out here for Geoff Hurst's 'dab' ???…",Wed Mar 21 20:56:41 +0000 2018,0.0,0.0,1.0,0.0,99
100,@CBS,"RT @ACMawards: The ACM for New Vocal Group of the Year goes to @MidlandOfficial! And yes, that really was @Reba on the phone! #ACMawards ht…",Mon Mar 26 22:14:25 +0000 2018,0.508,0.12,0.88,0.0,0
101,@CBS,"RT @ACMawards: In case you didn’t know, the ACM for New Male Vocalist of the Year goes to @BrettYoungMusic. Check out his reaction when @Re…",Mon Mar 26 20:42:48 +0000 2018,0.0,0.0,1.0,0.0,1
102,@CBS,RT @ACMawards: Over the weekend @Reba called the ACM New Artist of the Year winners to let them know they had won! Let’s just say our New F…,Mon Mar 26 16:59:19 +0000 2018,0.7959,0.214,0.786,0.0,2
103,@CBS,"Congratulations to the 53rd #ACMawards New Artist winners @Lauren_Alaina, @MidlandOfficial, and @BrettYoungMusic! W… https://t.co/Fr8H4arwGj",Mon Mar 26 16:05:18 +0000 2018,0.807,0.378,0.622,0.0,3
104,@CBS,New start times in East/Central Time Zones #60Minutes 7:35ET/6:35CT #Instinct  8:35ET/7:35CT #NCISLA 9:35ET/8:35CT… https://t.co/8W5hAeLrvs,Sun Mar 25 23:57:34 +0000 2018,0.0,0.0,1.0,0.0,4
105,@CBS,Don’t miss a minute of the action. Stream the Elite Eight® games LIVE today starting at 2PM ET with a FREE trial of… https://t.co/8NwU8HdiHR,Sun Mar 25 17:15:25 +0000 2018,0.5319,0.157,0.78,0.062,5
106,@CBS,RT @MomCBS: That's a wrap on the #Mom panel at #PaleyFest! Thanks for following along! https://t.co/we4JgqPt6P,Sat Mar 24 22:46:53 +0000 2018,0.5399,0.199,0.801,0.0,6
107,@CBS,RT @MomCBS: A fan just commented that #Mom helped bring him out of a deep depression. ??? #PaleyFest,Sat Mar 24 22:46:43 +0000 2018,-0.34,0.115,0.7,0.185,7
108,@CBS,"RT @MomCBS: ""Go out for it anyway. If you're good for the role, you're good for the role."" @theJaimePressly's advice for aspiring actors wi…",Sat Mar 24 22:25:03 +0000 2018,0.7003,0.209,0.791,0.0,8
109,@CBS,RT @MomCBS: Mom Co-Creator @GemmaRBaker just pointed out her own #Mom in the audience at #PaleyFest! ?,Sat Mar 24 22:21:37 +0000 2018,0.0,0.0,1.0,0.0,9
110,@CBS,"RT @MomCBS: ""I'm not someone in recovery who goes to AA, but I have taken so much away from it...to take one day at a time."" - @theJaimePre…",Sat Mar 24 22:21:34 +0000 2018,0.0,0.0,1.0,0.0,10
111,@CBS,"RT @MomCBS: ""You get to appreciate working with such talented people."" - @AnnaKFaris #Mom #PaleyFest",Sat Mar 24 22:21:26 +0000 2018,0.7184,0.333,0.667,0.0,11
112,@CBS,RT @MomCBS: “I love this job. I love working with these women. I love working in front of the live audience… It’s alive and it’s fun.” - @A…,Sat Mar 24 22:21:23 +0000 2018,0.9451,0.42,0.58,0.0,12
113,@CBS,"Get on your feet for @Jason_Aldean, @ThomasRhett, @ChrisStapleton, @KeithUrban, and @ChrisYoungMusic, the five nomi… https://t.co/oT5ogjdj4x",Sat Mar 24 20:00:02 +0000 2018,0.0,0.0,1.0,0.0,13
114,@CBS,Get ready for some sweet games! Stream #5 Clemson vs #1 Kansas LIVE at 7PM ET and #11 Syracuse vs #2 Duke LIVE at 9… https://t.co/4WstgrKNnW,Fri Mar 23 22:33:52 +0000 2018,0.6996,0.194,0.806,0.0,14
115,@CBS,RT @SEALTeamCBS: In honor of #NationalPuppyDay... ? #SEALTeam https://t.co/4mIZPpiRlU,Fri Mar 23 22:33:04 +0000 2018,0.4939,0.314,0.686,0.0,15
116,@CBS,"RT @HawaiiFive0CBS: Nothing like a man and his dog! ?? Happy #NationalPuppyDay to Eddie, the best pup on the Five-0 Task Force! #H50 https:…",Fri Mar 23 22:32:48 +0000 2018,0.8997,0.355,0.645,0.0,16
117,@CBS,Game on! 16 teams left and the race to the finish continues tonight. Stream #11 Loyola-Chicago vs #7 Nevada LIVE at… https://t.co/W374rmzzoC,Thu Mar 22 22:10:29 +0000 2018,0.0,0.0,1.0,0.0,17
118,@CBS,Save the date! These are season finales you do NOT want to miss. RT if you're excited! https://t.co/UUQoWsPPSh https://t.co/cDl4WmxMtU,Thu Mar 22 20:52:02 +0000 2018,0.7081,0.311,0.623,0.066,18
119,@CBS,Congratulations to all of the @CBSDaytime nominees for the #DaytimeEmmys! See the full list of #DaytimeEmmy nominee… https://t.co/ivJVJWvfsf,Thu Mar 22 00:23:38 +0000 2018,0.636,0.198,0.802,0.0,19
120,@CBS,Female Vocalist Of The Year nominee @MarenMorris will show her fans how it’s done when she takes the stage to showc… https://t.co/PITjmAoFT8,Wed Mar 21 18:00:01 +0000 2018,0.0,0.0,1.0,0.0,20
121,@CBS,The legendary @Reba returns to host the 53rd #ACMawards and she’s proving just how comfortable she is behind the mi… https://t.co/XPXcSPRXqC,Tue Mar 20 20:00:01 +0000 2018,0.5106,0.142,0.858,0.0,21
122,@CBS,RT @nancyodell: Told my daughter I'd be presenting at @ACMawards again this year. (Woot woot!We both luv country music!)She took this pic o…,Tue Mar 20 17:58:43 +0000 2018,0.0,0.0,1.0,0.0,22
123,@CBS,RT @ladyantebellum: Ecstatic to announce we'll be performing at the #ACMawards in Las Vegas again this year! https://t.co/Qfhs94j6FR,Tue Mar 20 16:52:42 +0000 2018,0.5562,0.174,0.826,0.0,23
124,@CBS,"Country superstars @kennychesney, @ladyantebellum, @blakeshelton, and @KeithUrban have just been added to the stell… https://t.co/bJ4If7MacP",Tue Mar 20 16:11:00 +0000 2018,0.0,0.0,1.0,0.0,24
125,@CBS,"RT @YandR_CBS: Forever evolving, Forever inspiring, Forever Young and Restless. ?? Get ready to celebrate 45 years of #YR starting in just…",Mon Mar 19 21:02:26 +0000 2018,0.7845,0.309,0.619,0.072,25
126,@CBS,New start times in East/Central Time Zones: #60Minutes 7:37ET/6:37CT #Instinct series premiere 8:37ET/7:37CT… https://t.co/xT3YKqmu2M,Sun Mar 18 23:44:30 +0000 2018,0.0,0.0,1.0,0.0,26
127,@CBS,Spend your Sunday streaming Second Round games LIVE with a FREE trial of CBS All Access! https://t.co/3P85rXLy4b https://t.co/zbWfirD9Ju,Sun Mar 18 18:05:43 +0000 2018,0.6514,0.213,0.787,0.0,27
128,@CBS,"RT @instinctcbs: TONIGHT, Dr. Dylan Reinhart rewrites the book on abnormal behavior. Don't miss the premiere of #Instinct at 8/7c! https://…",Sun Mar 18 17:09:53 +0000 2018,0.1867,0.08,0.92,0.0,28
129,@CBS,"If any duo knows how to rock the stage, it's @FLAGALine. The Vocal Duo Of The Year nominee will perform live at the… https://t.co/FknabB8NQp",Sat Mar 17 19:00:02 +0000 2018,0.0,0.0,1.0,0.0,29
130,@CBS,How is your bracket looking after last night? Stream Second Round games LIVE today with a FREE trial of CBS All Acc… https://t.co/25JlIpgwog,Sat Mar 17 17:42:43 +0000 2018,0.6166,0.161,0.839,0.0,30
131,@CBS,Where better to spend #StPatricksDay than the place everybody knows your name? It’s just your luck that every singl… https://t.co/Fom5wmdENL,Sat Mar 17 14:00:03 +0000 2018,0.7096,0.247,0.753,0.0,31
132,@CBS,Stars @JakeMcDorman and Nik Dodani will join the cast in the upcoming revival of Murphy Brown coming to CBS.… https://t.co/JCAx29lo0i,Fri Mar 16 22:53:21 +0000 2018,0.296,0.104,0.896,0.0,32
133,@CBS,"RT @thegoodfight: Go behind the scenes with costume designer @DanLawsonStyle in ""Behind The Style,"" a new weekly video series all about the…",Fri Mar 16 18:15:53 +0000 2018,0.0,0.0,1.0,0.0,33
134,@CBS,The games have just begun! Continue to stream First Round games LIVE today with a FREE trial of CBS All Access:… https://t.co/YTGsJ48zYP,Fri Mar 16 16:28:40 +0000 2018,0.6514,0.178,0.822,0.0,34
135,@CBS,"RT @TheTalkCBS: You asked, we answered! The fun never ends when the ladies #KeepTalking and answer your fan questions ???? https://t.co/ie1…",Thu Mar 15 17:54:06 +0000 2018,0.7088,0.237,0.763,0.0,35
136,@CBS,RT @instinctcbs: Dr. Dylan Reinhart is lured back into the field from his life of quiet academia when a certain serial killer makes things…,Thu Mar 15 17:20:26 +0000 2018,-0.4939,0.077,0.766,0.157,36
137,@CBS,Stream First Round games LIVE today starting at 12PM ET with a FREE trial of CBS All Access! https://t.co/3P85rXLy4b https://t.co/vZow3YD8cb,Thu Mar 15 16:42:41 +0000 2018,0.6514,0.194,0.806,0.0,37
138,@CBS,RT @CBSSports: It's the most wonderful time of the year. #MarchMadness https://t.co/e4c9qohqSR,Thu Mar 15 14:32:16 +0000 2018,0.6115,0.266,0.734,0.0,38
139,@CBS,"Give these ladies some love! @Lauren_Alaina, @DBradbery, @carlypearce, and @RaeLynn are nominated for New Female Vo… https://t.co/IVhwURfJ3S",Wed Mar 14 19:30:01 +0000 2018,0.6696,0.219,0.781,0.0,39
140,@CBS,"RT @ManWithAPlan: Hungry for more #ManWithAPlan bloopers and behind-the-scenes videos featuring cast like @matt_leblanc, @thelizasnyder, @k…",Tue Mar 13 18:48:52 +0000 2018,0.3612,0.143,0.857,0.0,40
141,@CBS,"Music stars @MileyCyrus, @edsheeran, @ladygaga, and more will honor the legendary @eltonofficial and his hit songs… https://t.co/UzxARCCLnI",Tue Mar 13 14:15:10 +0000 2018,0.539,0.179,0.821,0.0,41
142,@CBS,RT @thegoodfight: The verdict is in. The new season of #TheGoodFight is ???! Stream it now on CBS All Access: https://t.co/FkYSNSXlRb https…,Mon Mar 12 18:13:28 +0000 2018,0.2244,0.083,0.917,0.0,42
143,@CBS,"RT @MadamSecretary: In less than an hour, #MadamSecretary's Keith Carradine will be taking over the @MadamSecretary Twitter page! Tweet alo…",Mon Mar 12 01:20:43 +0000 2018,0.0,0.0,1.0,0.0,43
144,@CBS,RT @DierksBentley: Take and post a photo of the woman in your life who inspires you daily! Use the hashtag #WomanAmenACM in your post for a…,Fri Mar 09 22:48:26 +0000 2018,0.4926,0.117,0.883,0.0,44
145,@CBS,"RT @MomCBS: If you missed guest star @KChenoweth in the latest episode of #Mom, not to worry! Watch now: https://t.co/RlvXoGOZ0l https://t.…",Fri Mar 09 22:24:20 +0000 2018,0.1275,0.113,0.795,0.092,45
146,@CBS,"Give a round of applause to @KelseaBallerini, @MirandaLambert, @Reba, @MarenMorris, and @CarrieUnderwood, the five… https://t.co/Ncp1BTXx6N",Fri Mar 09 21:10:21 +0000 2018,0.4215,0.177,0.823,0.0,46
147,@CBS,"RT @thegoodfight: Smart, sexy, and sophisticated. See what's coming this season on #TheGoodFight. https://t.co/CuKhx2G50P https://t.co/ygTI…",Fri Mar 09 18:27:28 +0000 2018,0.8658,0.447,0.553,0.0,47
148,@CBS,RT @BlueBloods_CBS: Even stand-up guys fall down sometimes. #BlueBloods is new tonight at 10/9c! https://t.co/UOlDm22wWW,Fri Mar 09 16:02:27 +0000 2018,0.0,0.0,1.0,0.0,48
149,@CBS,Today and every day we celebrate the women in our lives who empower and inspire us. Share a story about an influent… https://t.co/9rVtqrElvT,Thu Mar 08 18:00:49 +0000 2018,0.8625,0.336,0.664,0.0,49
150,@CBS,Take and post a photo of the woman in your life who inspires you daily! Use the hashtag #WomanAmenACM in your post… https://t.co/7ShhvE48zy,Thu Mar 08 17:03:04 +0000 2018,0.4926,0.132,0.868,0.0,50
151,@CBS,"RT @thegoodfight: Meticulously constructed. Soapy &amp; sexy. Intoxicating, savage television. ? Here's what critics are saying about #TheGoodF…",Wed Mar 07 18:39:10 +0000 2018,-0.2023,0.15,0.619,0.23,51
152,@CBS,"This just in! @Jason_Aldean, @mirandalambert, @LukeBryanOnline, and many more are set to perform at the 53rd Academ… https://t.co/mfxw2VxzU4",Wed Mar 07 17:06:02 +0000 2018,0.0,0.0,1.0,0.0,52
153,@CBS,"Meet the ensemble of talented actors slated to join $1, a new mystery series coming to CBS All Access:… https://t.co/QoyYv7vxwg",Tue Mar 06 18:10:59 +0000 2018,0.6705,0.244,0.756,0.0,53
154,@CBS,"Will @Jason_Aldean, @garthbrooks, @LukeBryanOnline, @ChrisStapleton, or @KeithUrban be named Entertainer Of The Yea… https://t.co/rMD8zjeX3s",Mon Mar 05 22:16:43 +0000 2018,0.3818,0.167,0.833,0.0,54
155,@CBS,"RT @thegoodfight: It feels good to be back. ??? The season 2 premiere of #TheGoodFight is now streaming, exclusively on CBS All Access: htt…",Sun Mar 04 08:05:26 +0000 2018,0.4404,0.116,0.884,0.0,55
156,@CBS,"RT @thegoodfight: Tomorrow, #TheGoodFight is back. Stream the season 2 premiere only on CBS All Access: https://t.co/tNFR8LBJO2 https://t.c…",Sat Mar 03 20:55:20 +0000 2018,0.0,0.0,1.0,0.0,56
157,@CBS,"Who are the trailblazing women in your life that inspire you? Join CBS and the ANA's #SeeHer initiative, celebratin… https://t.co/M0KqZ41Bes",Fri Mar 02 22:30:01 +0000 2018,0.7096,0.247,0.753,0.0,57
158,@CBS,"Join @maria_bello, @aishatyler and @TeaLeoni in celebrating the accomplishments of women who have contributed to th… https://t.co/MefESBeFL3",Fri Mar 02 20:30:01 +0000 2018,0.7096,0.282,0.718,0.0,58
159,@CBS,"In honor of Women's History Month, CBS and the Association of National Advertisers' (ANA) #SeeHer initiative will p… https://t.co/2wtYxKJVuO",Fri Mar 02 18:45:00 +0000 2018,0.4939,0.151,0.849,0.0,59
160,@CBS,RT @ZoeListerJones: Tonight’s an all new Life In Pieces and it’s directed by my ride or die @nataliaanderson!!!… https://t.co/2LPfmyLWrY,Thu Mar 01 18:59:01 +0000 2018,-0.6981,0.0,0.79,0.21,60
161,@CBS,"RT @MarenMorris: Hot damn! Woke up from my post-wisdom teeth haze to find out I’m up for 4 @ACMawards ! So honored, especially for the Dear…",Thu Mar 01 18:12:57 +0000 2018,0.4547,0.159,0.749,0.092,61
162,@CBS,RT @KelseaBallerini: Ohhhhh goodness. Incredible. Thank you thank you thank you. #female https://t.co/1ZTYjNfQeF,Thu Mar 01 18:11:50 +0000 2018,0.8591,0.538,0.462,0.0,62
163,@CBS,RT @KeithUrban: ACMs...... HOLY SMOKES!!!!! MAD LOVE TO U ALL THIS MORNING  FOR THESE INCREDIBLE NOMINATIONS. I’M EXTREMELY GRATEFUL!!!!!!!…,Thu Mar 01 18:10:50 +0000 2018,0.4885,0.234,0.615,0.151,63
164,@CBS,"RT @ACMawards: Congratulations to this year’s #ACMawards Video of the Year nominees:
“Black” - @DierksBentley
“It Ain’t My Fault” - @Brothe…",Thu Mar 01 14:36:21 +0000 2018,0.5994,0.178,0.822,0.0,64
165,@CBS,"RT @ACMawards: Please give a round of applause to this year’s #ACMawards Entertainer of the Year nominees: @Jason_Aldean, @GarthBrooks, @Lu…",Thu Mar 01 14:29:20 +0000 2018,0.7717,0.325,0.675,0.0,65
166,@CBS,".@ChrisStapleton, @ThomasRhett, @mirandalambert and more are all nominated for awards at Country Music's Party of t… https://t.co/Vm1vXRUDYJ",Thu Mar 01 14:15:29 +0000 2018,0.6908,0.275,0.725,0.0,66
167,@CBS,"The Queen of Country, @Reba, is returning to host the 53rd #ACMawards on Sunday, April 15 at 8/7c. Here are a few o… https://t.co/Iqzz6Gql01",Thu Mar 01 13:50:11 +0000 2018,0.0,0.0,1.0,0.0,67
168,@CBS,RT @survivorcbs: It’s time! #Survivor https://t.co/YPk6cGWrUA,Thu Mar 01 01:04:52 +0000 2018,0.0,0.0,1.0,0.0,68
169,@CBS,"RT @CBSThisMorning: TOMORROW: The nominees for the 2018 @ACMawards will be announced live by the one-and-only, @Reba! 

Watch on @CBS in ou…",Wed Feb 28 19:56:58 +0000 2018,0.0,0.0,1.0,0.0,69
170,@CBS,"RT @thegoodfight: From the set design and costumes to hair and makeup, the production quality is truly next-level. Take a peek inside the u…",Wed Feb 28 19:08:30 +0000 2018,0.4404,0.116,0.884,0.0,70
171,@CBS,RT @LivinBiblically: The fun continues on Facebook! The #LivingBiblically cast is live to talk about tonight’s premiere. Tune in here: http…,Tue Feb 27 03:23:47 +0000 2018,0.5562,0.152,0.848,0.0,71
172,@CBS,"RT @KevinCanWaitCBS: Can you get all the way through these #KevinCanWait bloopers without laughing?! @KevinJames,@LeahRemini and the rest o…",Mon Feb 26 22:50:32 +0000 2018,0.0,0.0,1.0,0.0,72
173,@CBS,"RT @ACMawards: That’s right! @Reba is headed to @CBSThisMorning on Thursday, March 1 to announce this year’s #ACMAwards' nominees. Tune in…",Mon Feb 26 21:08:30 +0000 2018,0.0,0.0,1.0,0.0,73
174,@CBS,"RT @ScorpionCBS: You can't hack your way to a 197 IQ, but you are well on your way with these Genius Facts from #TeamScorpion! ? You can be…",Mon Feb 26 19:53:41 +0000 2018,0.4482,0.105,0.895,0.0,74
175,@CBS,RT @SuperiorDonuts: You can always count on @DavidKoechner for a laugh! Did your favorite Tush moment make the list? Catch a new #SuperiorD…,Mon Feb 26 18:32:36 +0000 2018,0.784,0.266,0.734,0.0,75
176,@CBS,RT @TheTalkCBS: TODAY: We loved them together then &amp; we love seeing them together now! Welcome back to the show @THESaraGilbert?'s good fri…,Mon Feb 26 18:20:16 +0000 2018,0.9359,0.429,0.571,0.0,76
177,@CBS,"RT @thegoodfight: As foundations begin to crumble, our characters struggle to make sense of this new dystopian world. The cast teases what'…",Mon Feb 26 16:53:56 +0000 2018,-0.5423,0.0,0.816,0.184,77
178,@CBS,"#LivingBiblically's @linzkraft and @jrfergjr appeared on @KCBS's Facebook Live this morning, talking all about what… https://t.co/4RebcHuuMQ",Mon Feb 26 16:52:01 +0000 2018,0.0,0.0,1.0,0.0,78
179,@CBS,"RT @CBSSports: Introducing CBS Sports HQ, a New 24/7 Direct-to-Consumer Streaming Network for Sports News, Highlights, &amp; Analysis.

Stream…",Mon Feb 26 16:17:55 +0000 2018,0.0,0.0,1.0,0.0,79
180,@CBS,"RT @CBSBigBrother: It’s down to the final 5 celebrity Houseguests, and anyone could take home the grand prize! Tune in NOW to watch the #BB…",Mon Feb 26 01:12:32 +0000 2018,0.7644,0.231,0.769,0.0,80
181,@CBS,RT @startrekcbs: Binge the entire first season of #StarTrekDiscovery. All episodes now streaming exclusively on CBS All Access: https://t.c…,Sun Feb 25 21:51:32 +0000 2018,0.0,0.0,1.0,0.0,81
182,@CBS,"RT @thegoodfight: #TheGoodFight returns in 1 week. Season 2 premieres Sunday, March 4. https://t.co/nomCao1GWp https://t.co/BOn6bOe9Tb",Sun Feb 25 21:51:22 +0000 2018,0.0,0.0,1.0,0.0,82
183,@CBS,RT @thegoodfight: This is our new favorite thing. Christine Baranski debuted #TheGoodFight the Musical on @colbertlateshow last night! ??…,Fri Feb 23 18:15:40 +0000 2018,0.5093,0.155,0.845,0.0,83
184,@CBS,"RT @LivinBiblically: Confession time: have YOU ever hit the ""close door"" button in an elevator while somebody was approaching? The cast of…",Thu Feb 22 19:26:52 +0000 2018,0.0,0.0,1.0,0.0,84
185,@CBS,RT @CBSEyeSpeak: Mark your calendars! #CBSEyeSpeak kicks off March 14 with The EYE Speak Summit. Follow our page for more details! https://…,Wed Feb 21 19:20:04 +0000 2018,0.0,0.0,1.0,0.0,85
186,@CBS,"RT @CBSEyeSpeak: Proud to announce a new CBS initiative, promoting female empowerment and developing the next generation of leaders through…",Wed Feb 21 18:19:25 +0000 2018,0.6808,0.248,0.752,0.0,86
187,@CBS,"RT @LivinBiblically: When you're living by the Bible, it's good to have a priest and a rabbi on call (provided they answer their phones, th…",Tue Feb 20 19:55:19 +0000 2018,0.4404,0.116,0.884,0.0,87
188,@CBS,"RT @thegoodfight: Chicago lawyers are being hunted and the world is going insane. 

The new season of #TheGoodFight premieres Sunday, March…",Tue Feb 20 17:58:18 +0000 2018,-0.4019,0.0,0.881,0.119,88
189,@CBS,Ready for some larger than life competition? This new series from @MarkBurnettTV will premiere in summer 2018.… https://t.co/gDXHLdIJ5v,Tue Feb 20 17:39:51 +0000 2018,0.3612,0.128,0.872,0.0,89
190,@CBS,"With tournament dreams on the line, make sure to stream these college basketball matchups on CBS All Access:… https://t.co/SGkYUZrQWB",Sat Feb 17 01:07:20 +0000 2018,0.6124,0.227,0.773,0.0,90
191,@CBS,"RT @LivinBiblically: While Chip's sticking to the Bible's original rules, the cast of #LivingBiblically has given them a more modern makeov…",Fri Feb 16 18:42:43 +0000 2018,0.3182,0.108,0.892,0.0,91
192,@CBS,"Casting News! Peter Mark Kendall, Michael Gaston, Greg Wise, Rade Šerbedžija, Zack Pearlman, and Keye Chen join the… https://t.co/GFob2KrD8H",Fri Feb 16 17:48:20 +0000 2018,0.68,0.248,0.752,0.0,92
193,@CBS,RT @BullCBS: The verdict is in...#Bull is the perfect Valentine! ?? Happy #ValentinesDay! https://t.co/poEejI4AnC,Wed Feb 14 19:23:27 +0000 2018,0.8619,0.466,0.534,0.0,93
194,@CBS,"RT @NoActivityCBS: Car 27 reporting: Season 2 of #NoActivity coming soon!

Binge season one now on CBS All Access: https://t.co/yvxoQMeyhN…",Tue Feb 13 20:03:56 +0000 2018,0.0,0.0,1.0,0.0,94
195,@CBS,"RT @LivinBiblically: Against all odds (and the advice of his God Squad), Chip is determined to live life by the Good Book. Think you could…",Tue Feb 13 18:54:52 +0000 2018,0.7506,0.252,0.748,0.0,95
196,@CBS,RT @thegoodfight: Christine Baranski reflects upon the spectacular metamorphosis of her character in #TheGoodFight's first season. Revisit…,Mon Feb 12 18:49:45 +0000 2018,0.0,0.0,1.0,0.0,96
197,@CBS,RT @startrekcbs: Binge the entire first season of #StarTrekDiscovery. All 15 episodes now streaming on CBS All Access: https://t.co/lKLaptP…,Mon Feb 12 01:32:33 +0000 2018,0.0,0.0,1.0,0.0,97
198,@CBS,RT @SuperiorDonuts: Looking for a #Valentine? Tush is here to help you land your dream date just in time for the day of love! #SuperiorDonu…,Fri Feb 09 00:50:01 +0000 2018,0.8478,0.304,0.696,0.0,98
199,@CBS,RT @CBSBigBrother: The pressure is on as the Houseguests battle each other for victory in the first HOH competition. Stream the season prem…,Thu Feb 08 16:09:35 +0000 2018,-0.5859,0.0,0.814,0.186,99
200,@CNN,Wall Street's head-spinning reaction to trade headlines https://t.co/wHPLURl5BV https://t.co/i1AJ0jPopN,Tue Mar 27 00:15:06 +0000 2018,0.0,0.0,1.0,0.0,0
201,@CNN,"RT @OutFrontCNN: ""You just can't have a person in that position who does not have a full security clearance"" - Joan Walsh of The Nation res…",Tue Mar 27 00:12:51 +0000 2018,-0.2584,0.0,0.915,0.085,1
202,@CNN,"President Trump has stayed in touch with Rob Porter, a former aide who resigned after accusations of spousal abuse… https://t.co/0CcPRf1i0Y",Tue Mar 27 00:10:06 +0000 2018,-0.7845,0.0,0.669,0.331,2
203,@CNN,Starting now: Anderson Cooper's interview with Stormy Daniels replays now on CNN. https://t.co/UYpqI3esEb https://t.co/87zXwajZTN,Tue Mar 27 00:05:30 +0000 2018,0.0,0.0,1.0,0.0,3
204,@CNN,You'll know the gun control movement is winning when... | Analysis by CNN's Gregory Krieg https://t.co/iT8rw9CkXI https://t.co/bOlllLHuu9,Tue Mar 27 00:05:09 +0000 2018,0.25,0.172,0.707,0.121,4
205,@CNN,Austin seeks peace amid the grief https://t.co/ceCQor8DX3 | via @CNNOpinion https://t.co/aK3Q1IB0o5,Tue Mar 27 00:00:19 +0000 2018,0.0772,0.238,0.544,0.218,5
206,@CNN,Did the Trump campaign and John Bolton's super PAC get help from overseas? | By Fred Wertheimer and Norman Eisen fo… https://t.co/dTabQC4fK6,Mon Mar 26 23:55:17 +0000 2018,0.765,0.258,0.742,0.0,6
207,@CNN,These are all the countries that are expelling Russian diplomats https://t.co/kDqWGm1Lnp https://t.co/JPKciaQwCQ,Mon Mar 26 23:48:48 +0000 2018,-0.3818,0.0,0.809,0.191,7
208,@CNN,How the cricket cheating scandal in Australia harms the national psyche https://t.co/6E7MA3eiti | via @CNNOpinion https://t.co/cYJlFKlMMY,Mon Mar 26 23:45:04 +0000 2018,-0.8658,0.0,0.553,0.447,8
209,@CNN,The bankruptcy of Remington marks a blow to the gun industry and the decline of one of America's oldest gun compani… https://t.co/G2PWuxAspF,Mon Mar 26 23:38:28 +0000 2018,-0.5859,0.0,0.798,0.202,9
210,@CNN,Iceland is bringing geothermal heating to China https://t.co/Wf4gihkyDN https://t.co/f0hoj5EIA0,Mon Mar 26 23:30:14 +0000 2018,0.0,0.0,1.0,0.0,10
211,@CNN,Garry Shandling and Arthur Miller profiled in deeply personal HBO docs https://t.co/1X8tKxUvjh https://t.co/KMrwH3hLUS,Mon Mar 26 23:15:03 +0000 2018,0.0,0.0,1.0,0.0,11
212,@CNN,.@AriannaHuff tells @PoppyHarlowCNN we need to “disconnect in a connected world today” and why she wants to you to… https://t.co/Bwr5LYw2kh,Mon Mar 26 23:10:09 +0000 2018,0.0,0.0,1.0,0.0,12
213,@CNN,"Netflix has its eye on another season of ""Queer Eye for the Straight Guy"" https://t.co/cziEB1gMeG https://t.co/UA5gAd6tyv",Mon Mar 26 23:05:01 +0000 2018,0.2263,0.112,0.888,0.0,13
214,@CNN,"""The Terror"" finds icy horror in doomed voyage https://t.co/7AhoP75z49 https://t.co/JOO4f5SDAU",Mon Mar 26 23:00:28 +0000 2018,-0.9062,0.0,0.383,0.617,14
215,@CNN,"Do you have a right to know who's watching you on the internet, and how? This privacy activist is on a mission to g… https://t.co/8jfIHVbau2",Mon Mar 26 22:55:04 +0000 2018,0.0,0.0,1.0,0.0,15
216,@CNN,Mystery train carries rumors about a Kim Jong Un visit to China https://t.co/LzOjWoxf0r https://t.co/afC1hRZxie,Mon Mar 26 22:45:07 +0000 2018,0.0,0.0,1.0,0.0,16
217,@CNN,"President Trump's approval rating rose to 42% in a new CNN poll, its highest level since the 100-day mark of Trump'… https://t.co/jAaIkC2jnz",Mon Mar 26 22:41:27 +0000 2018,0.4767,0.134,0.866,0.0,17
218,@CNN,Harry Potter inspired the Parkland generation | By Rachel Sklar via @CNNOpinion https://t.co/ZUO9Nkl3Wu https://t.co/7bWW4yIncy,Mon Mar 26 22:40:57 +0000 2018,0.4939,0.211,0.789,0.0,18
219,@CNN,"Cambridge Analytica sent non-US citizens to work on American campaigns during the 2014 midterm election cycle, a fo… https://t.co/SUkg3i2FWc",Mon Mar 26 22:32:24 +0000 2018,0.0,0.0,1.0,0.0,19
220,@CNN,"RT @CNNMoney: ""It's easy to take for granted all of these gifts Mother Nature gives us."" Director Darren Aronofsky and producer Ari Handel…",Mon Mar 26 22:31:16 +0000 2018,0.5994,0.189,0.811,0.0,20
221,@CNN,"Florida Gov. Rick Scott teases a ""big announcement"" amid Florida Senate speculation https://t.co/fkk3XdKrWa https://t.co/1gb5TKx6qT",Mon Mar 26 22:30:12 +0000 2018,-0.296,0.0,0.845,0.155,21
222,@CNN,"The US punishes Russia, but Trump hedges bets on Putin | Analysis by CNN's Stephen Collinson and Zachary Cohen… https://t.co/qKWmhc8u08",Mon Mar 26 22:22:31 +0000 2018,-0.2617,0.0,0.898,0.102,22
223,@CNN,"Supercar SUVs are hot, but don't expect an SUV from Ferrari https://t.co/UVa5pN5FpK https://t.co/Es5g6xe0R6",Mon Mar 26 22:15:06 +0000 2018,0.0,0.0,1.0,0.0,23
224,@CNN,"Multiple suspicious packages were sent to military locations in the Washington, DC, area, a law enforcement officia… https://t.co/D18XOPK2Kw",Mon Mar 26 22:14:02 +0000 2018,-0.3612,0.0,0.865,0.135,24
225,@CNN,House Speaker Paul Ryan denies a rumor that he's stepping down https://t.co/thznHCAQ9C https://t.co/okbYQF0R81,Mon Mar 26 22:11:05 +0000 2018,-0.4215,0.0,0.797,0.203,25
226,@CNN,Read: Stormy Daniels' lawsuit against Michael Cohen https://t.co/MKozIfrHGo https://t.co/FRVdCXzNvc,Mon Mar 26 22:05:42 +0000 2018,-0.2263,0.0,0.808,0.192,26
227,@CNN,"The FBI has taken custody of multiple suspicious packages sent to military locations in the Washington, DC, area, a… https://t.co/mXCh2XuYId",Mon Mar 26 22:04:14 +0000 2018,-0.3612,0.0,0.884,0.116,27
228,@CNN,Firefighters in southwest China rescued a 6-year-old who girl fell into a narrow crack separating her house from he… https://t.co/DOMbeeSQkB,Mon Mar 26 22:03:49 +0000 2018,0.4215,0.141,0.859,0.0,28
229,@CNN,"Linda Brown, who as a little girl was at the center of the Brown v. Board of Education US Supreme Court case that e… https://t.co/WFz6TNFKbl",Mon Mar 26 22:02:07 +0000 2018,0.5574,0.135,0.865,0.0,29
230,@CNN,"RT @CNNSitRoom: ""What Putin did here, and there's no question he did it personally, was order a chemical attack ... [on] maybe our closest…",Mon Mar 26 21:54:19 +0000 2018,-0.6486,0.0,0.798,0.202,30
231,@CNN,"Nearly two-thirds of Americans say they believe the women alleging affairs with Trump, according to new CNN/SSRS po… https://t.co/uEum1Qg6Hf",Mon Mar 26 21:50:56 +0000 2018,0.0,0.0,1.0,0.0,31
232,@CNN,"President Trump's approval rating rose to 42% in a new CNN poll, its highest level since the 100-day mark of Trump'… https://t.co/PAVMeVqJqa",Mon Mar 26 21:50:01 +0000 2018,0.4767,0.134,0.866,0.0,32
233,@CNN,4 things to know about your cryptocurrency at tax time https://t.co/dk2GFyXttD https://t.co/3fWR6JpRbM,Mon Mar 26 21:45:05 +0000 2018,0.0,0.0,1.0,0.0,33
234,@CNN,"There are many, many similarities in Stormy Daniels' and Karen McDougal's stories about Donald Trump | Analysis by… https://t.co/BbEj2ghINJ",Mon Mar 26 21:42:38 +0000 2018,0.0,0.0,1.0,0.0,34
235,@CNN,Former President Jimmy Carter sharply criticized President Trump's decision to appoint John Bolton as national secu… https://t.co/6mZCZSGlvq,Mon Mar 26 21:36:04 +0000 2018,-0.3612,0.0,0.865,0.135,35
236,@CNN,These are the lawmakers who want Mark Zuckerberg to testify https://t.co/cvzP44pN3m https://t.co/TpGiEKoRft,Mon Mar 26 21:30:19 +0000 2018,0.0772,0.106,0.894,0.0,36
237,@CNN,Anderson Cooper's interview with Stormy Daniels replays tonight at 8p ET on CNN https://t.co/PFiSPtjFmu https://t.co/oMg2uv4rS9,Mon Mar 26 21:25:20 +0000 2018,0.0,0.0,1.0,0.0,37
238,@CNN,The prices of the 20 most commonly prescribed brand-name drugs for seniors have risen nearly 10 times more than the… https://t.co/vVCVy8lFk9,Mon Mar 26 21:21:09 +0000 2018,0.0,0.0,1.0,0.0,38
239,@CNN,The NTSB has released a preliminary report on a deadly helicopter crash in New York's East River. Here are key poin… https://t.co/qGV0tO2WUf,Mon Mar 26 21:15:40 +0000 2018,-0.4019,0.0,0.876,0.124,39
240,@CNN,Rolling back Dodd-Frank regulations could put big banks at risk https://t.co/dapCRn93zA https://t.co/yybiTGTlaL,Mon Mar 26 21:15:10 +0000 2018,-0.2732,0.0,0.84,0.16,40
241,@CNN,".@AriannaHuff is one of the most influential women in media, but today she defines herself as a wellness guru and a… https://t.co/i35ti2wGve",Mon Mar 26 21:01:15 +0000 2018,0.7137,0.238,0.762,0.0,41
242,@CNN,India will be Uber's last stand in Asia https://t.co/eFzQV5GLxX https://t.co/E0NqzysSCP,Mon Mar 26 21:00:16 +0000 2018,0.0,0.0,1.0,0.0,42
243,@CNN,"New York's historic Trinity Church, which survived 9/11, now has metal detectors https://t.co/HK0vR5rvXa https://t.co/2bfYUxJh4Q",Mon Mar 26 20:51:02 +0000 2018,0.5106,0.202,0.798,0.0,43
244,@CNN,"The IRS is still using fax machines. It's time for a makeover, writes Lynn Jenkins for @CNNOpinion.… https://t.co/eanhKhTfqo",Mon Mar 26 20:45:05 +0000 2018,0.0,0.0,1.0,0.0,44
245,@CNN,BREAKING: Porn star Stormy Daniels has filed a lawsuit for defamation against President Donald Trump's personal att… https://t.co/jVNSLCIL7n,Mon Mar 26 20:36:34 +0000 2018,-0.2263,0.0,0.894,0.106,45
246,@CNN,RT @AC360: Anderson Cooper's interview with Stormy Daniels replays tonight 8p ET on CNN https://t.co/DwVRnDI7kX https://t.co/qbTfLdNI0F,Mon Mar 26 20:33:25 +0000 2018,0.0,0.0,1.0,0.0,46
247,@CNN,"What to expect in Season 3 of ""Stranger Things"" https://t.co/fGrqwjbRs0 https://t.co/iiJmhIWE2G",Mon Mar 26 20:30:18 +0000 2018,0.0,0.0,1.0,0.0,47
248,@CNN,"President Trump's approval rating rose to 42% in a new CNN poll, its highest level since the 100-day mark of Trump'… https://t.co/DhZPEX4utL",Mon Mar 26 20:24:16 +0000 2018,0.4767,0.134,0.866,0.0,48
249,@CNN,Wrongly-convicted man gets job back with the White Sox after 23 years in prison https://t.co/8aRy6SP5uV https://t.co/3tN28LWoz2,Mon Mar 26 20:15:03 +0000 2018,-0.5106,0.0,0.82,0.18,49
250,@CNN,The Dow surged 669 points — its third-biggest point gain in history — in a sharp reversal after the stock market's… https://t.co/Eb89RmYUBm,Mon Mar 26 20:11:28 +0000 2018,0.5267,0.159,0.841,0.0,50
251,@CNN,Films with women or minorities in lead roles have led the box office 11 out of 12 weekends this year… https://t.co/Rzp9daYjdQ,Mon Mar 26 20:07:04 +0000 2018,0.0,0.0,1.0,0.0,51
252,@CNN,"RT @CNNMoney: .@AriannaHuff says it’s a ""dangerous moment"" for tech companies today and thinks it’s the responsibility of media outlets to…",Mon Mar 26 20:04:40 +0000 2018,-0.4767,0.0,0.86,0.14,52
253,@CNN,White House says Trump continues to deny Stormy Daniels affair https://t.co/cZHcq6mNrT https://t.co/zDYRYICyJl,Mon Mar 26 20:00:09 +0000 2018,-0.34,0.0,0.821,0.179,53
254,@CNN,"Rubio reiterates support for ""red flag"" laws after facing heat from March for Our Lives students… https://t.co/B2pqL6DwyL",Mon Mar 26 19:45:07 +0000 2018,0.4019,0.144,0.856,0.0,54
255,@CNN,"A strange and unsettling sight greeted passersby in central London: Life-sized sculptures of 84 men, perched on the… https://t.co/39tCXe9zcV",Mon Mar 26 19:40:08 +0000 2018,0.0772,0.106,0.804,0.09,55
256,@CNN,Don't count out Microsoft in the race to $1 trillion. Analysts at Morgan Stanley say the company could reach that m… https://t.co/QgiQWj1Tfv,Mon Mar 26 19:35:43 +0000 2018,0.0258,0.05,0.95,0.0,56
257,@CNN,"Anderson Cooper's Stormy Daniels interview draws highest ratings for ""60 Minutes"" in 10 years… https://t.co/MRFhedglwf",Mon Mar 26 19:30:05 +0000 2018,0.0,0.0,1.0,0.0,57
258,@CNN,Thousands of new voters signed up during the March for Our Lives https://t.co/G9zldsbuXo https://t.co/VrrnJmYadm,Mon Mar 26 19:26:20 +0000 2018,0.0,0.0,1.0,0.0,58
259,@CNN,Most Americans already thought Trump was a cheater before the Stormy Daniels interview | Analysis by CNN's Harry En… https://t.co/BrEaGNh47J,Mon Mar 26 19:18:39 +0000 2018,-0.5423,0.0,0.829,0.171,59
260,@CNN,Senate Majority Leader Mitch McConnell announced that he will introduce a bill that would remove hemp from the cont… https://t.co/ELFEeKmzAX,Mon Mar 26 19:15:59 +0000 2018,0.0,0.0,1.0,0.0,60
261,@CNN,"""Pacific Rim Uprising"" dethrones ""Black Panther"" at the box office https://t.co/kYMhyW4Dbl https://t.co/MSmqF4DGaC",Mon Mar 26 19:15:06 +0000 2018,0.0,0.0,1.0,0.0,61
262,@CNN,Stormy Daniels' lawyer says to expect more evidence of alleged Donald Trump affair in coming weeks and months… https://t.co/BeoICa4QT0,Mon Mar 26 19:00:52 +0000 2018,0.0,0.0,1.0,0.0,62
263,@CNN,"""We want to work with Russia, but the ball's in their court. It is up to them on whether we're going to have a frui… https://t.co/9Ljpeywrpy",Mon Mar 26 18:58:56 +0000 2018,0.0387,0.046,0.954,0.0,63
264,@CNN,"WH deputy press secretary Raj Shah on whether Trump plans to do more about gun safety: ""The President is a strong b… https://t.co/wJnKtA0A2f",Mon Mar 26 18:52:24 +0000 2018,0.5698,0.227,0.678,0.096,64
265,@CNN,These are all the countries that are expelling Russian diplomats https://t.co/ao2mXDsHiK https://t.co/lskFB505tC,Mon Mar 26 18:45:10 +0000 2018,-0.3818,0.0,0.809,0.191,65
266,@CNN,RT @CNNPolitics: Shah: “I have no personnel announcements to make at this time” when it comes to VA Secretary David Shulkin https://t.co/t3…,Mon Mar 26 18:41:02 +0000 2018,-0.296,0.0,0.905,0.095,66
267,@CNN,White House deputy press secretary Raj Shah says President Trump doesn’t believe claims Stormy Daniels made in her… https://t.co/H2mFfhKF25,Mon Mar 26 18:39:50 +0000 2018,0.0,0.0,1.0,0.0,67
268,@CNN,"Asked about Stormy Daniels and whether a payment was made that violated federal law, White House deputy press secre… https://t.co/2hfoXLY5va",Mon Mar 26 18:33:31 +0000 2018,-0.5267,0.0,0.841,0.159,68
269,@CNN,"Children with autism less likely to be fully vaccinated, study finds https://t.co/PXjdG0zjzK https://t.co/J9OxTfvBFr",Mon Mar 26 18:30:06 +0000 2018,0.0,0.0,1.0,0.0,69
270,@CNN,"RT @CNNPolitics: Shah: ""The President wants to work with Russia but their actions sometimes don't allow that to happen"" https://t.co/yoaKA3…",Mon Mar 26 18:25:12 +0000 2018,-0.2498,0.0,0.905,0.095,70
271,@CNN,One of the Dapchi schoolgirls freed by Boko Haram says the militant group warned her and the other girls not to pur… https://t.co/XfJYIeWqkE,Mon Mar 26 18:15:06 +0000 2018,0.1531,0.105,0.814,0.081,71
272,@CNN,"We're at the White House, where Deputy Press Secretary Raj Shah is expected to face questions about new allegations… https://t.co/Wn87Hygyxx",Mon Mar 26 18:12:45 +0000 2018,0.0,0.0,1.0,0.0,72
273,@CNN,Expulsion of Russian diplomats comes at delicate time for Moscow https://t.co/BoS8AuBsEq https://t.co/XJ7b5eZZaa,Mon Mar 26 18:03:06 +0000 2018,0.0516,0.098,0.902,0.0,73
274,@CNN,"Pulse gunman's father was an FBI informant under criminal investigation, attorneys say https://t.co/YpHKRbysoS https://t.co/XPB6VDSGMt",Mon Mar 26 17:56:04 +0000 2018,-0.5267,0.0,0.793,0.207,74
275,@CNN,"Sources tell CNN that Interior Secretary Ryan Zinke has repeatedly said he won’t focus on diversity, making comment… https://t.co/tTNU3VCIl0",Mon Mar 26 17:53:02 +0000 2018,0.0,0.0,1.0,0.0,75
276,@CNN,5 new details from Stormy Daniels about her alleged affair with Donald Trump https://t.co/9B58f40Abb https://t.co/14vonj90xg,Mon Mar 26 17:42:05 +0000 2018,0.0,0.0,1.0,0.0,76
277,@CNN,"After a race four decades in the making, Brazilian jockey Jorge Ricardo has eclipsed his long-time rival Russell Ba… https://t.co/MN024kikE7",Mon Mar 26 17:35:05 +0000 2018,0.0,0.0,1.0,0.0,77
278,@CNN,Russian embassy trolls the Trump administration following expulsion of diplomats https://t.co/MerMskklh1 https://t.co/RIeNKY16EI,Mon Mar 26 17:28:03 +0000 2018,0.0,0.0,1.0,0.0,78
279,@CNN,An animation of Parkland shooting survivor Emma Gonzalez ripping the US Constitution in two went viral on social me… https://t.co/zks10Rbnwi,Mon Mar 26 17:21:54 +0000 2018,0.3612,0.116,0.884,0.0,79
280,@CNN,F-35B fighter jets piloted by US Marines soar over the Pacific Ocean near the Japanese island of Okinawa. The US mi… https://t.co/tcVcvCc5vW,Mon Mar 26 17:21:00 +0000 2018,0.1531,0.071,0.929,0.0,80
281,@CNN,How ancient knowledge inspires African tech to flourish https://t.co/YRniuiGc2w https://t.co/wGBuxmKIx6,Mon Mar 26 17:14:05 +0000 2018,0.4404,0.244,0.756,0.0,81
282,@CNN,"The US government is officially investigating Facebook, the Federal Trade Commission confirms… https://t.co/1NgPNulmzL",Mon Mar 26 17:07:04 +0000 2018,0.0,0.0,1.0,0.0,82
283,@CNN,Avoid these tax mistakes and scams — they could cost you https://t.co/zvWMcrXsIq https://t.co/RUlMPID2Nh,Mon Mar 26 17:00:18 +0000 2018,-0.8176,0.0,0.514,0.486,83
284,@CNN,Wall Street analysts are as bullish as ever on America's top companies — despite (or maybe because of) the recent m… https://t.co/UETYhjBkQY,Mon Mar 26 16:53:07 +0000 2018,0.2023,0.083,0.917,0.0,84
285,@CNN,Republican Rep. Ryan Costello's announcement that he won't seek re-election in Pennsylvania presents a new opportun… https://t.co/YnvujDAHzH,Mon Mar 26 16:46:03 +0000 2018,0.0,0.0,1.0,0.0,85
286,@CNN,These 3 mistakes could derail your retirement https://t.co/Xp0mwk8Dlh https://t.co/w8B8IA9WuL,Mon Mar 26 16:39:07 +0000 2018,-0.5719,0.0,0.561,0.439,86
287,@CNN,Vatican treasurer Cardinal Pell faces final week of historical abuse hearing https://t.co/pjjBiH6ihs https://t.co/sOmAaTwhhy,Mon Mar 26 16:32:02 +0000 2018,-0.5719,0.09,0.659,0.251,87
288,@CNN,Protests broke out in Barcelona after news that Catalonia's former separatist leader Carles Puigdemont had been det… https://t.co/u2pWSE6b5H,Mon Mar 26 16:25:03 +0000 2018,-0.5719,0.0,0.773,0.227,88
289,@CNN,Sister Jean Dolores Schmidt has been the chaplain for the Loyola University Chicago men's basketball team for nearl… https://t.co/z3ABlov4BL,Mon Mar 26 16:18:00 +0000 2018,0.0,0.0,1.0,0.0,89
290,@CNN,"A Chinese space lab is expected to fall to Earth in ""fiery demise"" within days https://t.co/mOoULjKlOx https://t.co/rNkynS8qH6",Mon Mar 26 16:11:03 +0000 2018,-0.34,0.0,0.862,0.138,90
291,@CNN,The US shows off its new F-35 fighter jets ahead of US-South Korea drills https://t.co/cftXrnIJXE https://t.co/7Z93hvcnE0,Mon Mar 26 16:04:01 +0000 2018,0.1531,0.096,0.904,0.0,91
292,@CNN,Russian President Vladimir Putin will visit China later this year as he and Chinese President Xi Jinping consolidat… https://t.co/K9STSViiWC,Mon Mar 26 15:57:03 +0000 2018,0.0,0.0,1.0,0.0,92
293,@CNN,An art collector's guide to Hong Kong Art Week https://t.co/hGWqoZ8tCQ https://t.co/fLKam6oyZu,Mon Mar 26 15:53:06 +0000 2018,0.0,0.0,1.0,0.0,93
294,@CNN,"Through his foundation, former President Barack Obama says he hopes to ""create a hundred, or a thousand, or a milli… https://t.co/qW4SyrkpM6",Mon Mar 26 15:50:10 +0000 2018,0.5994,0.234,0.766,0.0,94
295,@CNN,The US and China are in talks to try to avoid a trade war https://t.co/T6Jmh6yIfL https://t.co/Dry2phMOaN,Mon Mar 26 15:43:05 +0000 2018,-0.7269,0.0,0.681,0.319,95
296,@CNN,"Sister Jean, chaplain of the Loyola-Chicago men's basketball team, is stealing the show at the NCAA tournament… https://t.co/jMlQra0DkO",Mon Mar 26 15:36:05 +0000 2018,-0.5719,0.0,0.821,0.179,96
297,@CNN,Emotional Bubba Watson reveals thoughts about quitting golf before latest win https://t.co/ikM0HfbbGz https://t.co/4K3ADAPLjN,Mon Mar 26 15:29:06 +0000 2018,0.6597,0.329,0.671,0.0,97
298,@CNN,Australia cricket captain Steve Smith has resigned as captain of Indian Premier League side Rajasthan Royals follow… https://t.co/8BCsMklOaU,Mon Mar 26 15:22:07 +0000 2018,-0.25,0.0,0.895,0.105,98
299,@CNN,Here's a look inside the insane sets of Wes Anderson's Isle of Dogs https://t.co/D2td4GeJs2 https://t.co/WMOsIC9m7T,Mon Mar 26 15:15:10 +0000 2018,-0.4019,0.0,0.828,0.172,99
300,@FoxNews,"""Everything that could go wrong was shutting down inside of me.”

Rocker @alicecooper, who says he  saw his good fr… https://t.co/0O2BcQWf72",Tue Mar 27 00:11:00 +0000 2018,-0.0516,0.116,0.76,0.124,0
301,@FoxNews,.@JesseBWatters: “The guy had a rifle because the Bill of Rights said an 18-year-old with no criminal record can ha… https://t.co/fkSX5vjUNZ,Mon Mar 26 23:58:48 +0000 2018,-0.6808,0.0,0.763,0.237,1
302,@FoxNews,.@KyleKashuv: “Gun control won’t solve this issue. We’ve seen that we have to hold our government accountable.”… https://t.co/aB0kWxW6nj,Mon Mar 26 23:47:52 +0000 2018,0.2023,0.096,0.904,0.0,2
303,@FoxNews,.@dbongino: “The problem with this debate is you have people who live in these cultural bubbles who talk about gun… https://t.co/MKZeoA4tH5,Mon Mar 26 23:41:55 +0000 2018,-0.4019,0.0,0.881,0.119,3
304,@FoxNews,".@Judgenap on former hostage accusing FBI of misleading his family: “The FBI, in this particular case, couldn’t car… https://t.co/pceGYbiwEc",Mon Mar 26 23:24:30 +0000 2018,-0.5267,0.0,0.794,0.206,4
305,@FoxNews,Former Al Qaeda hostage in Syria alleges FBI sacrificed his safety to track terrorists. Catherine Herridge reports.… https://t.co/qtPbgkxurP,Mon Mar 26 23:17:19 +0000 2018,-0.3182,0.122,0.699,0.179,5
306,@FoxNews,"Linda Brown, center of Brown v. Board case, dead at 76 https://t.co/F5U0Bv2IgH",Mon Mar 26 23:09:14 +0000 2018,-0.6486,0.0,0.719,0.281,6
307,@FoxNews,"BREAKING: Multiple suspicious packages containing explosive material sent to DC-area military installations, neutra… https://t.co/jkwoVZgdnX",Mon Mar 26 22:56:05 +0000 2018,-0.3612,0.0,0.839,0.161,7
308,@FoxNews,".@MZHemingway: “Objectively speaking, [President Trump’s] been stronger than either of his two predecessors against… https://t.co/gRptNTfiHj",Mon Mar 26 22:50:01 +0000 2018,0.3818,0.157,0.843,0.0,8
309,@FoxNews,John Sununu: “The president is…trying to reduce trade imbalance by a hundred billion dollars. If he succeeds in tha… https://t.co/9187qaBgvz,Mon Mar 26 22:42:00 +0000 2018,0.4939,0.151,0.849,0.0,9
310,@FoxNews,"Stoneman Douglas memorial site robbed of teddy bears, mementos; 2 arrested https://t.co/8w9BgNFxrw",Mon Mar 26 22:34:00 +0000 2018,-0.4767,0.0,0.763,0.237,10
311,@FoxNews,Cat returns home two days after owners bury its 'remains' https://t.co/5aYPrD5J0y,Mon Mar 26 22:26:04 +0000 2018,0.0,0.0,1.0,0.0,11
312,@FoxNews,"Former NFL cheerleader claims she was fired over Instagram picture, report says (via @RyanGaydos) https://t.co/ZxCdXpS6ZF",Mon Mar 26 22:11:00 +0000 2018,-0.4019,0.103,0.703,0.195,12
313,@FoxNews,"Orlando nightclub shooter's father, an FBI informant, brushed off son's terror comments, agent says https://t.co/m1HPaDrAtL",Mon Mar 26 22:02:00 +0000 2018,-0.5267,0.0,0.805,0.195,13
314,@FoxNews,OPINION: Reagan was the 'Great Communicator' but #Trump may be a more powerful one  https://t.co/97xBRoVcMz,Mon Mar 26 22:00:01 +0000 2018,0.771,0.358,0.642,0.0,14
315,@FoxNews,Ohio Gov. @JohnKasich commutes death sentence of man who killed woman during robbery https://t.co/bF1ezbBaTB,Mon Mar 26 21:55:00 +0000 2018,-0.8442,0.063,0.531,0.406,15
316,@FoxNews,"Stormy Daniels files defamation suit against Trump attorney Michael Cohen - via @brookefoxnews 
https://t.co/BzkxtA06fu",Mon Mar 26 21:53:20 +0000 2018,0.0,0.0,1.0,0.0,16
317,@FoxNews,.@kimguilfoyle on President #Trump expelling dozens of Russian diplomats: “It bodes very well for United States nat… https://t.co/O9WeVfOnRC,Mon Mar 26 21:52:45 +0000 2018,0.4323,0.237,0.651,0.113,17
318,@FoxNews,.@TheJuanWilliams on President #Trump expelling dozens of Russian diplomats: “I think that people who were critical… https://t.co/5h3CZkQs3j,Mon Mar 26 21:44:29 +0000 2018,-0.3818,0.0,0.86,0.14,18
319,@FoxNews,.@JesseBWatters: “The guy had a rifle because the Bill of Rights said an 18-year-old with no criminal record can ha… https://t.co/MfcOw5CC3y,Mon Mar 26 21:31:45 +0000 2018,-0.6808,0.0,0.763,0.237,19
320,@FoxNews,OPINION: Did Facebook’s ‘favors’ for the Obama campaign constitute a violation of federal law?  https://t.co/guRc6TqvVn,Mon Mar 26 21:26:51 +0000 2018,-0.4939,0.0,0.802,0.198,20
321,@FoxNews,"#Trump orders expulsion of dozens of Russian diplomats, closure of consulate in Seattle https://t.co/Bo2ib1Flw3",Mon Mar 26 21:18:00 +0000 2018,0.0,0.0,1.0,0.0,21
322,@FoxNews,'Beginning of the end?' No new babies for endangered whales https://t.co/E4EQ0gAdbM,Mon Mar 26 21:11:09 +0000 2018,-0.296,0.0,0.82,0.18,22
323,@FoxNews,A 380-lb girl with a genetic disorder that causes constant hunger crowned a pageant queen https://t.co/UtG7t931kX,Mon Mar 26 21:01:05 +0000 2018,-0.5719,0.0,0.701,0.299,23
324,@FoxNews,King Tutankhamun bombshell? Mysterious pharaoh may have been a boy soldier https://t.co/hTRJjegalo,Mon Mar 26 20:48:00 +0000 2018,0.0,0.0,1.0,0.0,24
325,@FoxNews,"""Everything that could go wrong was shutting down inside of me.”

Rocker Alice Cooper, who saw his good friends and… https://t.co/zPLO569jKF",Mon Mar 26 20:35:00 +0000 2018,0.4404,0.221,0.664,0.114,25
326,@FoxNews,"Orlando nightclub shooter's father, an FBI informant, brushed off son's terror comments, agent says https://t.co/m1HPaD9ZCd",Mon Mar 26 20:31:21 +0000 2018,-0.5267,0.0,0.805,0.195,26
327,@FoxNews,Houthi rebels' rocket attack on Saudi Arabia kills 1 as Yemen war hits year three (via @christocarbone) https://t.co/Fu6osTv568,Mon Mar 26 20:22:00 +0000 2018,-0.9062,0.0,0.514,0.486,27
328,@FoxNews,RT @FoxBusiness: At the close: The markets surged after China said it's open to trade talks with the U.S. The three major averages saw bigg…,Mon Mar 26 20:12:45 +0000 2018,0.0,0.0,1.0,0.0,28
329,@FoxNews,"Netanyahu, wife, son questioned by police in corruption case https://t.co/oZyoJAmlbE",Mon Mar 26 19:59:00 +0000 2018,-0.1027,0.0,0.865,0.135,29
330,@FoxNews,"'13 Prosecutors, 30 FBI Agents': @Judgenap Says #Trump Must Take Mueller Probe Seriously https://t.co/rnBgaomvAV",Mon Mar 26 19:48:00 +0000 2018,-0.1779,0.0,0.884,0.116,30
331,@FoxNews,"White House: Stormy Daniels is 'inconsistent,' Trump doesn't believe her claims are 'accurate' - via @brookefoxnews 
https://t.co/ueX4gGk6Gp",Mon Mar 26 19:36:46 +0000 2018,0.0,0.0,1.0,0.0,31
332,@FoxNews,"Father, son killed in collapse inside silo at Wisconsin farm https://t.co/s4Vd4KkuD6",Mon Mar 26 19:31:34 +0000 2018,-0.8271,0.0,0.539,0.461,32
333,@FoxNews,RT @FoxBusiness: Microsoft will be worth $1T within year: Morgan Stanley https://t.co/8f6P3uKTW4,Mon Mar 26 19:09:39 +0000 2018,0.2263,0.147,0.853,0.0,33
334,@FoxNews,"OPINION: Trump vs. Biden in 2020? Hey, 'Crazy' Joe -- be careful what you wish for https://t.co/hkm4rkqxXP",Mon Mar 26 18:57:00 +0000 2018,0.5106,0.223,0.777,0.0,34
335,@FoxNews,Republicans push to end Dems' stranglehold on key ambassadorial nominee https://t.co/SGqegJ1YAh,Mon Mar 26 18:43:23 +0000 2018,0.0,0.0,1.0,0.0,35
336,@FoxNews,".@RajShah45: “The president is a strong believer in the Second Amendment, but he does believe other measures could… https://t.co/ip6pqN9Z3R",Mon Mar 26 18:31:46 +0000 2018,0.2846,0.112,0.888,0.0,36
337,@FoxNews,".@RajShah45: “We want to work with Russia, but this type of an action cannot be tolerated. The United States is res… https://t.co/ALzaxnXRyO",Mon Mar 26 18:26:03 +0000 2018,0.5927,0.195,0.805,0.0,37
338,@FoxNews,.@RajShah45: “Today’s actions make the United States safer by reducing Russia’s ability to spy on Americans and to… https://t.co/B3XXVP6LCd,Mon Mar 26 18:16:32 +0000 2018,0.7845,0.331,0.669,0.0,38
339,@FoxNews,.@RajShah45 holds a @WhiteHouse press briefing https://t.co/1rXRX5aTGW,Mon Mar 26 18:10:12 +0000 2018,0.0,0.0,1.0,0.0,39
340,@FoxNews,"'Avengers' star Chris Evans, 'Deadpool's' Ryan Reynolds and more Marvel all-stars help fulfill dying boy's wish https://t.co/sAVdKbH1dj",Mon Mar 26 18:08:37 +0000 2018,0.8923,0.473,0.527,0.0,40
341,@FoxNews,Florida’s year-round daylight saving law raises safety concerns https://t.co/PxjqA4W6l8,Mon Mar 26 18:02:33 +0000 2018,0.4215,0.259,0.741,0.0,41
342,@FoxNews,AWAITING: @WhiteHouse briefing https://t.co/CQub2jcl7M,Mon Mar 26 17:57:09 +0000 2018,0.0,0.0,1.0,0.0,42
343,@FoxNews,"Austin bomber's roommate a 'person of interest' in investigation, McCaul says (via @travfed)  https://t.co/lc7QqLfH0w",Mon Mar 26 17:54:00 +0000 2018,0.4588,0.2,0.8,0.0,43
344,@FoxNews,Mountain lion caught after roaming Southern California neighborhood https://t.co/buQhrsp13X,Mon Mar 26 17:47:03 +0000 2018,0.0,0.0,1.0,0.0,44
345,@FoxNews,".@BobCusack: “I think the message is that America is going to be tough again…When you talk tough, you can negotiate… https://t.co/94RTwaQGcK",Mon Mar 26 17:25:04 +0000 2018,-0.25,0.0,0.864,0.136,45
346,@FoxNews,OPINION: Reagan was the 'Great Communicator' but Trump may be a more powerful one https://t.co/tGppyjeEew,Mon Mar 26 17:20:51 +0000 2018,0.771,0.358,0.642,0.0,46
347,@FoxNews,.@BobCusack: “I think that John Bolton deserves his own team.” #OutnumberedOT https://t.co/lJLiqz0vY8,Mon Mar 26 17:17:03 +0000 2018,0.0,0.0,1.0,0.0,47
348,@FoxNews,Stuart Varney: “President Trump has a consistent style. He negotiates…and that’s exactly what he’s done with China.” https://t.co/NdMNdWI0nu,Mon Mar 26 17:15:38 +0000 2018,0.0,0.0,1.0,0.0,48
349,@FoxNews,Medics taking more active role in active shooter situations https://t.co/yhKTWKpspy,Mon Mar 26 16:59:15 +0000 2018,0.7172,0.428,0.572,0.0,49
350,@FoxNews,"JUST IN: Iowa family found dead in Mexico likely killed by water heater gas leak, official says https://t.co/sM5xsAIsJX",Mon Mar 26 16:40:09 +0000 2018,-0.9042,0.0,0.573,0.427,50
351,@FoxNews,"Beyonce was bitten in the face by unidentified actress, Tiffany Haddish claims https://t.co/KLJb5LkMVi",Mon Mar 26 16:28:29 +0000 2018,0.0,0.0,1.0,0.0,51
352,@FoxNews,".@David_Bossie: “The facts are there was no collusion, there was no cooperation.” #Outnumbered https://t.co/opExoGEcT8",Mon Mar 26 16:18:27 +0000 2018,-0.5267,0.0,0.732,0.268,52
353,@FoxNews,"Orlando nightclub shooter's father was a secret FBI informant, officials reveal https://t.co/4IY9TRv1bj",Mon Mar 26 15:51:09 +0000 2018,0.0,0.0,1.0,0.0,53
354,@FoxNews,RT @FoxBusiness: FTC investigating Facebook over privacy practices https://t.co/h0H1dQPoD2,Mon Mar 26 15:39:25 +0000 2018,0.0,0.0,1.0,0.0,54
355,@FoxNews,Elon Musk says 'lifesize' LEGO-like bricks that could build walls of small house 'in a day or so' on the way https://t.co/xP65KmHx9k,Mon Mar 26 15:34:45 +0000 2018,0.0,0.0,1.0,0.0,55
356,@FoxNews,Lt. Col. Michael Waltz on the expulsion of dozens of Russian diplomats and closure of the Russian consulate in Seat… https://t.co/jBTS0FLr79,Mon Mar 26 15:33:08 +0000 2018,0.0,0.0,1.0,0.0,56
357,@FoxNews,"Former MLB slugger Albert Belle arrested at spring training game in Arizona, report says (via @RyanGaydos) https://t.co/84HxoJHbKW",Mon Mar 26 15:16:19 +0000 2018,-0.4767,0.0,0.838,0.162,57
358,@FoxNews,Gary Sinise talks new initiative for children of fallen vets: 'The cost of freedom is very high' https://t.co/dHhbNT3YQa,Mon Mar 26 15:00:47 +0000 2018,0.4019,0.185,0.705,0.11,58
359,@FoxNews,"Alice Cooper believes his faith saved him from alcoholism, temptations of rock star lifestyle https://t.co/wZXL8EN12r",Mon Mar 26 14:52:16 +0000 2018,0.6808,0.301,0.699,0.0,59
360,@FoxNews,Dem Sen. McCaskill Chides Hillary: 'Show Respect' to Trump Voters https://t.co/39oLrIrtWm,Mon Mar 26 14:40:04 +0000 2018,0.4767,0.237,0.763,0.0,60
361,@FoxNews,Homeless encampment relocation plan has California residents outraged (via @travfed)  https://t.co/jcbir2AOOc,Mon Mar 26 14:30:02 +0000 2018,-0.5423,0.0,0.741,0.259,61
362,@FoxNews,John Sununu: “The president is… trying to reduce trade imbalance by a hundred billion dollars. If he succeeds in th… https://t.co/o3ntqHCEUz,Mon Mar 26 14:25:26 +0000 2018,0.4939,0.144,0.856,0.0,62
363,@FoxNews,Barack Obama Hopes for a 'Million Young Obamas' to Lead 'Human Progress' https://t.co/A9u7oyvOFR https://t.co/GMW3zTPFan,Mon Mar 26 14:08:42 +0000 2018,0.6808,0.337,0.663,0.0,63
364,@FoxNews,"Trump orders expulsion of dozens of Russian diplomats, closure of consulate in Seattle https://t.co/6odgJOzV6t https://t.co/nuWT9ukwKO",Mon Mar 26 14:05:47 +0000 2018,0.0,0.0,1.0,0.0,64
365,@FoxNews,Matthew Schrier is the first American to escape Al Qaeda captivity in Syria. Now he’s speaking out about his claims… https://t.co/iM8azLChxz,Mon Mar 26 14:04:32 +0000 2018,0.1779,0.078,0.922,0.0,65
366,@FoxNews,'Fake news' in Malaysia could land peddlers in prison for a decade https://t.co/u8Z4SyyzCo,Mon Mar 26 13:55:31 +0000 2018,-0.7506,0.0,0.61,0.39,66
367,@FoxNews,Facebook data scandal: Academics refused to carry out 'unethical' Cambridge Analytica research https://t.co/0yi4llGMa6 (via @christocarbone),Mon Mar 26 13:55:00 +0000 2018,-0.6249,0.0,0.718,0.282,67
368,@FoxNews,"Troy Edgar, Mayor of Los Alamitos: “When [California] passed this sanctuary law, this law basically conflicts with… https://t.co/wxSWRpBfaW",Mon Mar 26 13:54:01 +0000 2018,-0.3818,0.0,0.867,0.133,68
369,@FoxNews,HomeAway removes rental listing where Iowa family was found dead https://t.co/aOeYdn7oxr,Mon Mar 26 13:46:46 +0000 2018,-0.6486,0.0,0.699,0.301,69
370,@FoxNews,"Facebook denies it collected phone call, SMS data despite media reports https://t.co/d0xDtVPU4i",Mon Mar 26 13:41:33 +0000 2018,-0.4215,0.0,0.797,0.203,70
371,@FoxNews,'The 2nd Amendment Is Outdated': Phillips Talks to Students Marching for Gun Control https://t.co/BJoiCspbj6,Mon Mar 26 13:34:16 +0000 2018,-0.34,0.0,0.844,0.156,71
372,@FoxNews,"BREAKING: US expels 60 Russian diplomats, closes consulate in response to ex-spy poisoning https://t.co/tjKuLoRujW",Mon Mar 26 13:03:16 +0000 2018,-0.7506,0.0,0.652,0.348,72
373,@FoxNews,RT @FoxBusiness: .@POTUS touted the American economy in a tweet on Monday. https://t.co/UNqRnwQ8lI,Mon Mar 26 12:58:45 +0000 2018,-0.0516,0.0,0.902,0.098,73
374,@FoxNews,"Former MLB slugger Albert Belle arrested at spring training game in Arizona, report says https://t.co/84HxoJHbKW",Mon Mar 26 12:40:11 +0000 2018,-0.4767,0.0,0.819,0.181,74
375,@FoxNews,.@Cilla_Presley on Elvis relationship: 'Our marriage was very important to him' https://t.co/6vMLT2etnx,Mon Mar 26 12:30:50 +0000 2018,0.2716,0.16,0.84,0.0,75
376,@FoxNews,.@hogangidley45 on @foxandfriends: “The president understands that walls work.” https://t.co/EKq7pFAq1W,Mon Mar 26 12:08:32 +0000 2018,0.0,0.0,1.0,0.0,76
377,@FoxNews,".@SacramentoKings, Boston @Celtics players honor unarmed black man killed by police https://t.co/ynFJyFrmHL",Mon Mar 26 12:05:26 +0000 2018,-0.3182,0.181,0.565,0.254,77
378,@FoxNews,.@hogangidley45 on @foxandfriends: “This president has not softened or weakened any position that Barack Obama had… https://t.co/81Gd9Xs4xF,Mon Mar 26 12:02:46 +0000 2018,0.2411,0.109,0.891,0.0,78
379,@FoxNews,Skylar Fontaine: “I just love America so much. I care about our military so much.” https://t.co/flyW7LMf8h… https://t.co/gSd9Pw5Y0u,Mon Mar 26 11:53:10 +0000 2018,0.8261,0.354,0.646,0.0,79
380,@FoxNews,Marine's 2-year-old brother takes his place in girlfriend's prom photos https://t.co/flyW7LMf8h @foxandfriends https://t.co/HVcpbNX8mb,Mon Mar 26 11:49:50 +0000 2018,0.0,0.0,1.0,0.0,80
381,@FoxNews,Stuart Varney: “President Trump has a consistent style. He negotiates…and that’s exactly what he’s done with China.… https://t.co/F1UCPweQG0,Mon Mar 26 11:29:40 +0000 2018,0.0,0.0,1.0,0.0,81
382,@FoxNews,"Off-duty New Jersey police officer dies from gunshot wound, officials say https://t.co/XphDJfgSBr",Mon Mar 26 11:27:30 +0000 2018,0.0,0.0,1.0,0.0,82
383,@FoxNews,.@dbongino on gun control debate: “The only question out there is what are we going to do to defend our kids agains… https://t.co/Da6GRiykAr,Mon Mar 26 11:23:47 +0000 2018,-0.34,0.0,0.902,0.098,83
384,@FoxNews,"Moments ago, President @realDonaldTrump tweeted about the economy. https://t.co/Aj5sSKyESX",Mon Mar 26 11:16:54 +0000 2018,0.0,0.0,1.0,0.0,84
385,@FoxNews,Art Del Cueto: “You can’t put a price on border security. The reality is that we need a better system.”… https://t.co/PffrgyfLoI,Mon Mar 26 11:03:06 +0000 2018,0.6486,0.238,0.762,0.0,85
386,@FoxNews,Art Del Cueto on U.S. Army Corps of Engineers: “We’d welcome them to build the wall.” https://t.co/8vAXylKcDQ… https://t.co/Wx91LvZIDg,Mon Mar 26 11:00:03 +0000 2018,0.4588,0.15,0.85,0.0,86
387,@FoxNews,OPINION: Reagan was the 'Great Communicator' but Trump may be a more powerful one (via @FoxNewsOpinion) https://t.co/tGppyjeEew,Mon Mar 26 10:48:55 +0000 2018,0.771,0.323,0.677,0.0,87
388,@FoxNews,.@dbongino on @foxandfriends: @TheJusticeDept and the @FBI are not unaccountable. https://t.co/hnrQmRefj6,Mon Mar 26 10:45:45 +0000 2018,0.0,0.0,1.0,0.0,88
389,@FoxNews,An aerial photo clearly shows the line between where snow fell and where rain fell in Indiana. https://t.co/vYarac1HOO,Mon Mar 26 10:35:40 +0000 2018,0.4019,0.137,0.863,0.0,89
390,@FoxNews,"JUST IN: Lawyer for Michael Cohen, Trump’s personal attorney, sends Stormy Daniels cease and desist letter demandin… https://t.co/92yAn4Kvdc",Mon Mar 26 10:29:02 +0000 2018,0.0,0.0,1.0,0.0,90
391,@FoxNews,.@CharlesHurt: “The wall alone is one of the most important parts of the Trump agenda.” https://t.co/LDwsdFovY8,Mon Mar 26 10:24:26 +0000 2018,0.024,0.116,0.774,0.111,91
392,@FoxNews,Gun maker Remington files for bankruptcy https://t.co/ZHDYcBffke,Mon Mar 26 09:43:13 +0000 2018,-0.34,0.0,0.714,0.286,92
393,@FoxNews,Mass held for French officer who took hostage's place https://t.co/kXZyRNTRLf https://t.co/crZ4ZTfkAv,Mon Mar 26 09:42:14 +0000 2018,0.0,0.0,1.0,0.0,93
394,@FoxNews,".@Theonlyhonest: “The president’s been harder on some Americans, like NFL players, than he has on Russia.” https://t.co/iycIeLhTpc",Mon Mar 26 09:33:55 +0000 2018,0.3612,0.135,0.865,0.0,94
395,@FoxNews,Fox News Poll:  Gap narrows on 2018 vote preference https://t.co/HBeqUgkn3D https://t.co/Omg6DRsJJ2,Mon Mar 26 09:26:04 +0000 2018,0.0,0.0,1.0,0.0,95
396,@FoxNews,Fox News Poll: 37% favor allowing teachers to carry guns. https://t.co/GBFEtQ5LYb https://t.co/4KruaIgu0s,Mon Mar 26 09:00:00 +0000 2018,0.4019,0.197,0.803,0.0,96
397,@FoxNews,"SNOW MORE GRASS HERE: One resident of New Whiteland, Indiana didn't let a snowstorm stop him from yardwork over the… https://t.co/RSSltBotUk",Mon Mar 26 08:45:00 +0000 2018,0.2235,0.09,0.91,0.0,97
398,@FoxNews,"Democratic strategist Sammi Brown on spending bill: ""There was no real reform here."" https://t.co/mQoKnGJVfR https://t.co/wqe7JWk8Mk",Mon Mar 26 08:41:21 +0000 2018,-0.296,0.0,0.864,0.136,98
399,@FoxNews,"Republican strategist Chris Prudhome on spending bill: ""Democrats should be ashamed of themselves.""… https://t.co/nhtnnErSZj",Mon Mar 26 08:37:14 +0000 2018,-0.4767,0.0,0.807,0.193,99
400,@nytimes,The Getty Conservation Institute helps solve the mystery of brown spots in King Tut’s burial chamber once and for a… https://t.co/HstzedLBAa,Tue Mar 27 00:17:05 +0000 2018,0.5267,0.188,0.812,0.0,0
401,@nytimes,RT @maggieNYT: NEWS: Trump Talks of Bringing Back Rob Porter  https://t.co/1BleAd2VZN,Tue Mar 27 00:02:02 +0000 2018,-0.5574,0.0,0.735,0.265,1
402,@nytimes,"Villanova has a beloved team chaplain, too https://t.co/cMje3sdrCj",Mon Mar 26 23:47:06 +0000 2018,0.5106,0.355,0.645,0.0,2
403,@nytimes,"RT @nytimesworld: She escaped a 1942 roundup of Jews in Paris, and died in a 2018 hate crime https://t.co/bwlI9EawZ1",Mon Mar 26 23:32:04 +0000 2018,-0.8957,0.0,0.565,0.435,3
404,@nytimes,Linda Brown has died. The Kansas schoolgirl came to symbolize the transformative Brown v. Board of Education desegr… https://t.co/a0bJJfESbP,Mon Mar 26 23:17:04 +0000 2018,-0.5574,0.0,0.833,0.167,4
405,@nytimes,Planning a trip to Memphis? Here's what you should bring. https://t.co/mXqFo0yzG6,Mon Mar 26 23:02:04 +0000 2018,0.0,0.0,1.0,0.0,5
406,@nytimes,Evening Briefing: Here's what you need to know at the end of the day https://t.co/FmmZKTkugK,Mon Mar 26 22:45:06 +0000 2018,0.0,0.0,1.0,0.0,6
407,@nytimes,"“This is a deplorable way to treat a veteran who risked his life in combat for our nation,” Senator Tammy Duckworth… https://t.co/GNFXVeadzt",Mon Mar 26 22:32:03 +0000 2018,-0.1531,0.113,0.708,0.179,7
408,@nytimes,A sprawling exhibition in Amsterdam looks at how a fascination with Japan shaped van Gogh's work https://t.co/bdRjmcrJEl,Mon Mar 26 22:17:03 +0000 2018,0.4939,0.186,0.814,0.0,8
409,@nytimes,"RT @jeligon: .@es_snipes fought vigorously for black lives. What did the movement do to support her? Not enough, friends say. https://t.co/…",Mon Mar 26 21:47:02 +0000 2018,0.6124,0.274,0.639,0.086,9
410,@nytimes,Here's how to create your own support system when you don't have a spouse or kids to fall back on https://t.co/OtWwllbDnF,Mon Mar 26 21:32:07 +0000 2018,0.5859,0.211,0.789,0.0,10
411,@nytimes,One NYT reader's reaction to President Trump expelling 60 Russians and closing a consulate in response to the poiso… https://t.co/LQXzs3DbW7,Mon Mar 26 21:17:06 +0000 2018,-0.3818,0.0,0.874,0.126,11
412,@nytimes,"RT @poniewozik: The new Roseanne has its limits, but it's a revival with more reason for existing than ""Eh, why not?"" https://t.co/jKTC30dG…",Mon Mar 26 21:00:13 +0000 2018,0.0,0.0,1.0,0.0,12
413,@nytimes,"RT @NYTScience: Sometime in the next week, a 9.4-ton Chinese space station is expected to come hurtling back to earth. But you probably hav…",Mon Mar 26 20:50:05 +0000 2018,-0.34,0.0,0.902,0.098,13
414,@nytimes,A fatal helicopter crash in New York’s East River may have been caused by a passenger’s harness accidentally trippi… https://t.co/Y33509wC43,Mon Mar 26 20:41:03 +0000 2018,-0.8225,0.0,0.636,0.364,14
415,@nytimes,The lawyer for the Pulse gunman’s widow wants the case against her thrown out after it was revealed that the gunman… https://t.co/ddOF0vInOO,Mon Mar 26 20:30:05 +0000 2018,0.0,0.0,1.0,0.0,15
416,@nytimes,"The “60 Minutes” interview of Stormy Daniels drew 22 million viewers, more than this year’s Grammys (19.8 million)… https://t.co/eaq4o6bsAY",Mon Mar 26 20:20:05 +0000 2018,0.0,0.0,1.0,0.0,16
417,@nytimes,"Review: ""Angels in America,"" starring Andrew Garfield and Nathan Lane, is ""flat-out fabulous"" https://t.co/QNh39X6QwQ",Mon Mar 26 20:10:03 +0000 2018,0.5267,0.207,0.793,0.0,17
418,@nytimes,"RT @nytimesarts: The diverse and strongly-reviewed ""One Day at a Time"" has been renewed for a third season on Netflix https://t.co/A9Rjr0qd…",Mon Mar 26 19:50:01 +0000 2018,0.0,0.0,1.0,0.0,18
419,@nytimes,New Orleans Saints cheerleaders have to leave a restaurant if a player comes in. A cheerleader is challenging such… https://t.co/PUJaP3jtoZ,Mon Mar 26 19:40:04 +0000 2018,0.5423,0.286,0.653,0.06,19
420,@nytimes,RT @poniewozik: Stormy Daniels spanked Donald Trump with a network newsmagazine. https://t.co/prQASw7buB,Mon Mar 26 19:30:05 +0000 2018,0.0,0.0,1.0,0.0,20
421,@nytimes,The Democratic primary for governor may be less than a week old but the battle between Gov. Cuomo and Cynthia Nixon… https://t.co/7JGUwM3CeI,Mon Mar 26 19:20:01 +0000 2018,-0.5267,0.0,0.855,0.145,21
422,@nytimes,Some of the children trapped by the fire sent farewell messages through their social media accounts. Many were repo… https://t.co/yzbFWU01nz,Mon Mar 26 19:10:03 +0000 2018,-0.7003,0.0,0.756,0.244,22
423,@nytimes,RT @bydanielvictor: Here's what the Saints require cheerleaders to do to “protect” themselves from players  https://t.co/61MXS7G0kS https:/…,Mon Mar 26 19:03:10 +0000 2018,0.296,0.121,0.879,0.0,23
424,@nytimes,Is Kim Jong-un visiting China? A video that appears to show an old-style green train arriving in Beijing is fueling… https://t.co/tUiZEF9TtH,Mon Mar 26 19:00:09 +0000 2018,0.0,0.0,1.0,0.0,24
425,@nytimes,"Facebook’s privacy practices are being investigated by the Federal Trade Commission, the government agency confirmed https://t.co/EOcXizO8l4",Mon Mar 26 18:44:40 +0000 2018,0.0,0.0,1.0,0.0,25
426,@nytimes,"RT @nytopinion: A bill in Ohio would ban all abortions, full stop. It's part of a larger strategy to make abortions impossible to obtain fo…",Mon Mar 26 18:30:06 +0000 2018,-0.7003,0.0,0.784,0.216,26
427,@nytimes,How to care for your skin — while you sleep https://t.co/uoXLBtptOT,Mon Mar 26 18:20:04 +0000 2018,0.4939,0.262,0.738,0.0,27
428,@nytimes,"RT @TimHerrera: Hearing — and giving — criticism is super hard! Here's why that is, and some ideas to make it go down easier  https://t.co/…",Mon Mar 26 18:10:07 +0000 2018,0.7263,0.296,0.568,0.136,28
429,@nytimes,"You know Sister Jean. Meet Father Rob.
https://t.co/B7m8sZnhju https://t.co/eG4Yo2LcQS",Mon Mar 26 18:00:19 +0000 2018,-0.5574,0.0,0.69,0.31,29
430,@nytimes,"After 61 weeks in the White House, President Trump has found 2 people he won’t attack on Twitter: Stormy Daniels an… https://t.co/31KHgrUsMn",Mon Mar 26 17:50:07 +0000 2018,-0.4767,0.0,0.866,0.134,30
431,@nytimes,"RT @jeligon: Erica Garner. MarShawn McCarrel. Darren Seals. Muhiyidin Moye. Edward Crawford. Black Lives Matter activists have died young,…",Mon Mar 26 17:40:05 +0000 2018,-0.5423,0.051,0.783,0.166,31
432,@nytimes,What we know (and don’t know) about how to lose weight https://t.co/t1b13HuoVg,Mon Mar 26 17:30:03 +0000 2018,-0.4019,0.0,0.803,0.197,32
433,@nytimes,"14 European nations joined the U.S. and Canada in expelling scores of Russian diplomats. They include Germany, Fran… https://t.co/GF3XQdxSO6",Mon Mar 26 17:20:10 +0000 2018,-0.3818,0.0,0.874,0.126,33
434,@nytimes,"Louis Vuitton’s new artistic director for men’s wear is Virgil Abloh, a creative director for Kanye West who will b… https://t.co/MrunGSyo65",Mon Mar 26 17:10:13 +0000 2018,0.4404,0.132,0.868,0.0,34
435,@nytimes,"RT @EnnisNYT: “If a Saints cheerleader enters a restaurant and a player is already there, she must leave. If a cheerleader is in a restaura…",Mon Mar 26 17:00:05 +0000 2018,0.3818,0.173,0.773,0.055,35
436,@nytimes,"Meet Tess, seeker of alien worlds https://t.co/oHJWlGO1Rl https://t.co/8mxz1duFIt",Mon Mar 26 16:50:10 +0000 2018,0.0,0.0,1.0,0.0,36
437,@nytimes,"Others have come at President Trump with indignation, righteousness and appeals to decency. Stormy Daniels swatted… https://t.co/CfNLtGFM7E",Mon Mar 26 16:40:08 +0000 2018,-0.5267,0.0,0.825,0.175,37
438,@nytimes,"RT @nytgraphics: In the upcoming midterm elections, the math favors the Democrats: 41 competitive House seats are held by Republicans, 7 by…",Mon Mar 26 16:30:11 +0000 2018,0.4019,0.163,0.837,0.0,38
439,@nytimes,"A grocery war is raging across the United States. At stake is not only the price of toothpaste and bananas, but the… https://t.co/QgbM6XsJsS",Mon Mar 26 16:20:08 +0000 2018,-0.4118,0.074,0.744,0.182,39
440,@nytimes,"Stormy Daniels told ""60 Minutes"" that in 2011 a man threatened her if she spoke of her affair with Donald Trump. He… https://t.co/bRwDEto0DI",Mon Mar 26 16:10:07 +0000 2018,-0.4588,0.0,0.875,0.125,40
441,@nytimes,"RT @kimseverson: Marijuana is coming to a tiny, dying Southern town and @RichardFausset writes about it brilliantly. (You'll learn a lot ab…",Mon Mar 26 16:00:20 +0000 2018,0.6124,0.174,0.826,0.0,41
442,@nytimes,"Remington, one of the oldest firearm manufacturers in the United States, has filed for bankruptcy amid mounting deb… https://t.co/ISZZI0Dy5c",Mon Mar 26 15:50:09 +0000 2018,0.4215,0.135,0.865,0.0,42
443,@nytimes,The Trump administration appears to be using steel and aluminum tariffs as a bargaining chip in trade negotiations.… https://t.co/uzd6BHtlAY,Mon Mar 26 15:40:04 +0000 2018,0.0,0.0,1.0,0.0,43
444,@nytimes,Jim Mattis was dismissed as a warmonger during the Obama presidency. Now the defense secretary may be the only reli… https://t.co/E3PzoTetXn,Mon Mar 26 15:30:11 +0000 2018,-0.5267,0.064,0.769,0.167,44
445,@nytimes,"RT @lauriegnyt: In the Philippines, divorce is illegal. The result? Many don’t marry at all. Mistresses are common. Women can’t remarry eve…",Mon Mar 26 15:20:04 +0000 2018,-0.5574,0.0,0.854,0.146,45
446,@nytimes,"At least 64 people, many of them children, died when a fire burned through a shopping mall in the Siberian city of… https://t.co/qk5RExZOCt",Mon Mar 26 15:10:09 +0000 2018,-0.7184,0.0,0.76,0.24,46
447,@nytimes,"In Opinion

Op-Ed contributor @krista_r_burton writes: ""Why do people perform their relationships online? Who is it… https://t.co/Zk3OFBGJVd",Mon Mar 26 15:00:32 +0000 2018,0.0,0.0,1.0,0.0,47
448,@nytimes,"Making the dogs of ""Isle of Dogs"" https://t.co/AFMZN3lboV",Mon Mar 26 14:44:01 +0000 2018,0.0,0.0,1.0,0.0,48
449,@nytimes,"The U.S. military carried out its first ever drone strike against Qaeda militants in southern Libya this weekend, s… https://t.co/v4vXQHVWiv",Mon Mar 26 14:30:08 +0000 2018,-0.128,0.0,0.927,0.073,49
450,@nytimes,"In Opinion

Op-Ed contributor @KadriLiik writes: ""Patriotic hackers"" or ""patriotic trolls"" can act independently, b… https://t.co/PAkoNOwnhQ",Mon Mar 26 14:16:04 +0000 2018,0.0,0.0,1.0,0.0,50
451,@nytimes,"Photos from the ""March for Our Lives"" protests around the world https://t.co/F3RzR8XKv5",Mon Mar 26 14:00:17 +0000 2018,-0.2263,0.0,0.853,0.147,51
452,@nytimes,"Along with the long hours, constant confrontation and frequent heartbreak they experience, activists work for littl… https://t.co/CDGkmORA79",Mon Mar 26 13:45:09 +0000 2018,-0.7184,0.0,0.714,0.286,52
453,@nytimes,"The expulsions are the toughest action taken against the Kremlin by President Trump, who has been criticized for no… https://t.co/aoAH6cBPlF",Mon Mar 26 13:30:02 +0000 2018,-0.4215,0.0,0.826,0.174,53
454,@nytimes,Why it's so hard to hear negative feedback https://t.co/qsrGlmRdjL,Mon Mar 26 13:15:06 +0000 2018,-0.6774,0.0,0.557,0.443,54
455,@nytimes,Breaking News: President Trump expelled 60 Russians and closed a consulate in response to the poisoning of an ex-sp… https://t.co/7e9m5e6jJ0,Mon Mar 26 13:05:43 +0000 2018,-0.7003,0.0,0.746,0.254,55
456,@nytimes,Morning Briefing: Here's what you need to know to start your day https://t.co/zMGebRtRjr https://t.co/FKDXtWtmIB,Mon Mar 26 13:00:23 +0000 2018,0.0,0.0,1.0,0.0,56
457,@nytimes,"RT @NYTSports: EXCLUSIVE: The story of the man who, investigators say, shipped performance-enhancing drugs to more than 8,000 people. https…",Mon Mar 26 12:49:04 +0000 2018,0.3034,0.105,0.895,0.0,57
458,@nytimes,"A boy was decapitated when he hit a metal pole on a water slide in Kansas. In an indictment, the authorities said t… https://t.co/uQQtO9gWpy",Mon Mar 26 12:46:06 +0000 2018,0.0,0.0,1.0,0.0,58
459,@nytimes,RT @nickconfessore: NEW from @ddknyt: How a Cambridge Analytica-linked company was allegedly used by Leave campaigners to evade British ele…,Mon Mar 26 12:28:01 +0000 2018,-0.0516,0.0,0.938,0.062,59
460,@nytimes,The commitment of the young march organizers to keep the gun issue front and center makes it unlikely to fade befor… https://t.co/XsMmV4ze6i,Mon Mar 26 12:16:02 +0000 2018,0.0516,0.104,0.8,0.096,60
461,@nytimes,"Your daily @DealBook Briefing:

• Tim Cook thinks regulation of Facebook is inevitable.

• The U.S. and China are h… https://t.co/dg46i8dDNg",Mon Mar 26 12:00:02 +0000 2018,0.0,0.0,1.0,0.0,61
462,@nytimes,"The NYT review of ""Angels in America"" https://t.co/zn95dEloPu",Mon Mar 26 11:40:04 +0000 2018,0.0,0.0,1.0,0.0,62
463,@nytimes,"Richard Grenell was nominated by President Trump last year for the ambassadorship to Germany, becoming the presiden… https://t.co/teGrwv0JuJ",Mon Mar 26 11:30:05 +0000 2018,0.0,0.0,1.0,0.0,63
464,@nytimes,"Stormy Daniels told ""60 Minutes"" that a man threatened her after she agreed to a tell a magazine about an affair wi… https://t.co/yZkCW9Re0R",Mon Mar 26 11:15:05 +0000 2018,-0.2263,0.091,0.779,0.13,64
465,@nytimes,"Elliott Broidy, an investor and a defense contractor, marketed his connection to President Trump to politicians and… https://t.co/TUkXBvTM1O",Mon Mar 26 11:00:13 +0000 2018,0.128,0.086,0.914,0.0,65
466,@nytimes,"Students on the South Side of Chicago joined protests spurred by the Florida school shooting, but they also felt fr… https://t.co/Y3MMdwIuLQ",Mon Mar 26 10:51:03 +0000 2018,-0.1154,0.0,0.932,0.068,66
467,@nytimes,A Cambridge Analytica-linked company was allegedly used by pro-Brexit campaigners to evade British election spendin… https://t.co/iqoSk8IFra,Mon Mar 26 10:40:08 +0000 2018,0.0,0.0,1.0,0.0,67
468,@nytimes,President Trump is struggling to find any top lawyers willing to represent him as he faces a critical decision: whe… https://t.co/pUkBPPxSib,Mon Mar 26 10:30:07 +0000 2018,-0.5106,0.075,0.711,0.213,68
469,@nytimes,Morning Briefing: Here's what you need to know to start your day https://t.co/CCJomcKOwn https://t.co/p5MoJoRG12,Mon Mar 26 10:00:14 +0000 2018,0.0,0.0,1.0,0.0,69
470,@nytimes,"Saudi Arabia said its air defenses destroyed 7 ballistic missiles late Sunday, fired from neighboring Yemen and tar… https://t.co/yq8WvWaOhs",Mon Mar 26 10:00:12 +0000 2018,-0.7269,0.072,0.638,0.289,70
471,@nytimes,"RT @nytimesarts: The bassist Buell Neidlinger is dead at 82. He had a founding role in free jazz, played alongside Cecil Taylor, performed…",Mon Mar 26 09:45:03 +0000 2018,0.1027,0.197,0.655,0.148,71
472,@nytimes,How Stephanie Gregory became Stormy Daniels https://t.co/NdkOuMtsqA,Mon Mar 26 09:30:10 +0000 2018,0.0,0.0,1.0,0.0,72
473,@nytimes,"Around 30,000 North Koreans have successfully defected to the South. But under the reign of Kim Jong-un, far fewer… https://t.co/LLApjNzHuR",Mon Mar 26 09:15:08 +0000 2018,0.128,0.134,0.753,0.113,73
474,@nytimes,"RT @nytimesarts: This week’s episode of ""The Walking Dead"" brought several long-percolating situations to a head. Its characters will be so…",Mon Mar 26 09:00:07 +0000 2018,-0.6486,0.0,0.815,0.185,74
475,@nytimes,"""I feel elated."" Virgil Abloh becomes Louis Vuitton's first African-American artistic director. https://t.co/qssrU8SvL0",Mon Mar 26 08:45:08 +0000 2018,0.0,0.0,1.0,0.0,75
476,@nytimes,"Audit your Facebook apps, audit your Facebook privacy settings, and 5 other tips for protecting your data on Facebo… https://t.co/yifXUnms3s",Mon Mar 26 08:30:12 +0000 2018,0.0,0.0,1.0,0.0,76
477,@nytimes,"Stormy Daniels told ""60 Minutes"" that in 2011 a man threatened her if she spoke of her affair with Donald Trump. He… https://t.co/VIZOUzq9ze",Mon Mar 26 08:15:04 +0000 2018,-0.4588,0.0,0.875,0.125,77
478,@nytimes,"Carles Puigdemont, the former leader of Catalonia wanted in Spain on rebellion charges, was detained in Germany on… https://t.co/plv9SIud1j",Mon Mar 26 08:00:06 +0000 2018,-0.6486,0.0,0.717,0.283,78
479,@nytimes,"""The preliminary version is that one of the children had a lighter,"" a Russian official said. ""The fire started fro… https://t.co/FTGwC0QeUb",Mon Mar 26 07:46:02 +0000 2018,-0.34,0.0,0.882,0.118,79
480,@nytimes,RT @nytimesworld: “It is fair to say today that every single girl and boy in Yemen is facing acute humanitarian needs” https://t.co/02tQfP9…,Mon Mar 26 07:18:37 +0000 2018,0.3182,0.099,0.901,0.0,80
481,@nytimes,Ask Well: Am I Contagious? https://t.co/JRyzRuCAnQ,Mon Mar 26 07:08:33 +0000 2018,-0.0772,0.28,0.4,0.32,81
482,@nytimes,This is a story about dogs at the movies https://t.co/7ul4HWgd2W https://t.co/yJIgSD2vL4,Mon Mar 26 06:52:38 +0000 2018,0.0,0.0,1.0,0.0,82
483,@nytimes,"Meet Chad Veach, a preacher who started his congregation in a West Hollywood nightclub and gets tattoos with Justin… https://t.co/1zSsXcBhqq",Mon Mar 26 06:38:27 +0000 2018,0.0,0.0,1.0,0.0,83
484,@nytimes,New York City’s subway hit a new low in January: Just 58.1% of weekday trains arrived on time. The MTA blamed bad w… https://t.co/plBszzGbQx,Mon Mar 26 06:22:10 +0000 2018,-0.8271,0.0,0.697,0.303,84
485,@nytimes,"The 1900 Games were the first Olympics in which women were allowed to compete. They took part in 5 sports: golf, te… https://t.co/qHVh7STtAh",Mon Mar 26 06:07:01 +0000 2018,0.0,0.0,1.0,0.0,85
486,@nytimes,"Modern Love: If I couldn’t find Mr. Right, what about Mr. Quasi-Right augmented by a few others? https://t.co/PlXaGwe4x9",Mon Mar 26 05:47:31 +0000 2018,0.6369,0.219,0.781,0.0,86
487,@nytimes,"Stormy Daniels told ""60 Minutes"" that in 2011 a man threatened her if she spoke of her affair with Donald Trump. He… https://t.co/7GjEWsT3yt",Mon Mar 26 05:31:24 +0000 2018,-0.4588,0.0,0.875,0.125,87
488,@nytimes,"The 6-inch-long skeleton has 10 ribs, giant eye sockets and a long skull that ends in a point. It is not an alien. https://t.co/RtMDxfYs6v",Mon Mar 26 05:13:35 +0000 2018,0.0,0.0,1.0,0.0,88
489,@nytimes,"11 great titles expiring from Netflix in April
https://t.co/OX1bbKT2th",Mon Mar 26 04:59:28 +0000 2018,0.6249,0.339,0.661,0.0,89
490,@nytimes,"“Cancer crushes hope, leaving a wasteland of grief, depression, despair and a sense of unending futility,” Julie Yi… https://t.co/cbDpyAGmKe",Mon Mar 26 04:43:56 +0000 2018,-0.8481,0.107,0.444,0.448,90
491,@nytimes,Louis Vuitton Names Virgil Abloh as Its New Men’s Wear Designer https://t.co/v4BMrkReWn,Mon Mar 26 04:28:25 +0000 2018,0.0,0.0,1.0,0.0,91
492,@nytimes,"Audit your Facebook apps, audit your Facebook privacy settings, and 5 other tips for protecting your data on Facebo… https://t.co/m2n9Vdcp53",Mon Mar 26 04:18:25 +0000 2018,0.0,0.0,1.0,0.0,92
493,@nytimes,"Floating between California and Hawaii, the ""Great Pacific Garbage Patch"" is up to 16 times bigger than previously… https://t.co/dxoWTzZ9z1",Mon Mar 26 04:00:30 +0000 2018,0.6249,0.186,0.814,0.0,93
494,@nytimes,"President Trump won't be hiring 2 lawyers he named just days ago in the Mueller inquiry, indicating new upheaval on… https://t.co/8oaldzCsnO",Mon Mar 26 03:44:37 +0000 2018,0.0,0.0,1.0,0.0,94
495,@nytimes,"Remington, Centuries-Old Gun Maker, Files for Bankruptcy as Sales Slow https://t.co/5TYhvJKmNc",Mon Mar 26 03:27:57 +0000 2018,-0.34,0.0,0.806,0.194,95
496,@nytimes,"If you liked Kim Kardashian on Facebook, researchers can tell how extroverted (very), conscientious (more than most… https://t.co/DkIybS0c5q",Mon Mar 26 03:14:34 +0000 2018,0.4215,0.141,0.859,0.0,96
497,@nytimes,"Elliott Broidy, an investor and a defense contractor, marketed his connection to President Trump to politicians and… https://t.co/QLoVPIzSEM",Mon Mar 26 02:57:04 +0000 2018,0.128,0.086,0.914,0.0,97
498,@nytimes,"These photos ""reflect an American truth: The fury and debate over immigration to the United States appears to be go… https://t.co/sJPDGHWmov",Mon Mar 26 02:39:02 +0000 2018,0.1027,0.19,0.672,0.138,98
499,@nytimes,"The March for Our Lives demonstrations ultimately represented twin triumphs: of organic, youthful grass-roots energ… https://t.co/m9ne3abfKG",Mon Mar 26 02:25:03 +0000 2018,0.6486,0.275,0.725,0.0,99
